# source_page	target	reason	branch	measure
# page-map v2 - GENERATED by page-structure-advice.py v1.3.0; the Markdown report is its rendering.
# branch: spec 9e routing branch 1-4; 5 = RETIRED (non-authoritative guide tree, not migrated).
MIIIGModulMikrobiologie/Index.page.md	input/pagecontent/index.md	an agreed page already owns the concern	3	agreed page named 'index' exists in the target
MIIIGModulMikrobiologie/Changelog.page.md	input/pagecontent/changes.md	menu label points at the agreed page	3	menu label 'Changelog' points at changes.html
MIIIGModulMikrobiologie/Beschreibung-Modul-Mikrobiologie.page.md	input/pagecontent/index.md	semantic home per references/routing-table.tsv	3	semantic match 'beschreibungmodul' -> index (routing-table)
MIIIGModulMikrobiologie/Kontext-im-Gesamtprojekt-Bezuege-zu-anderen-Modulen.page.md	input/pagecontent/implementer-guidance.md	semantic home per references/routing-table.tsv	3	semantic match 'kontextimgesamtprojekt' -> implementer-guidance (routing-table)
MIIIGModulMikrobiologie/Referenzen.page.md	input/pagecontent/implementer-guidance.md	semantic home per references/routing-table.tsv	3	semantic match 'referenzen' -> implementer-guidance (routing-table)
MIIIGModulMikrobiologie/Anwendungsfaelle-Informationsmodell/Index.page.md	input/pagecontent/anwendungsfaelle-informationsmodell.md	cross-cutting narrative - own page (hub, pages:-nested)	4	no artefact anchor; no agreed page; 3 child page(s)
MIIIGModulMikrobiologie/Anwendungsfaelle-Informationsmodell/Beschreibung-von-Szenarien-fuer-die-Anwendung-der-Module.page.md	input/pagecontent/guidance.md	semantic home per references/routing-table.tsv	3	semantic match 'szenarien' -> guidance (routing-table)
MIIIGModulMikrobiologie/Anwendungsfaelle-Informationsmodell/Datensaetze-inkl-Beschreibungen.page.md	input/pagecontent/logical-models.md	semantic home per references/routing-table.tsv	3	semantic match 'datensaetze' -> logical-models (routing-table)
MIIIGModulMikrobiologie/Anwendungsfaelle-Informationsmodell/UML.page.md	input/pagecontent/uml-diagrams.md	semantic home per references/routing-table.tsv	3	semantic match 'uml' -> uml-diagrams (routing-table)
MIIIGModulMikrobiologie/Technische-Implementierung/Index.page.md	input/pagecontent/technische-implementierung.md	cross-cutting narrative - own page (hub, pages:-nested)	4	no artefact anchor; no agreed page; 4 child page(s)
MIIIGModulMikrobiologie/Technische-Implementierung/Profilauswahl-und-Abgrenzung.page.md	input/pagecontent/profilauswahl-und-abgrenzung.md	an agreed page already owns the concern	3	agreed page named 'profilauswahl-und-abgrenzung' exists in the target
MIIIGModulMikrobiologie/Technische-Implementierung/CapabilityStatement.page.md	input/pagecontent/capability-statements.md	semantic home per references/routing-table.tsv	3	semantic match 'capabilitystatement' -> capability-statements (routing-table)
MIIIGModulMikrobiologie/Technische-Implementierung/Terminologien.page.md	input/pagecontent/code-systems.md	semantic home per references/routing-table.tsv	3	semantic match 'terminologien' -> code-systems (routing-table)
MIIIGModulMikrobiologie/Technische-Implementierung/FHIR-Profile/Diagnostic-Report.page.md	input/intro-notes/StructureDefinition-mii-pr-mikrobio-diagnostic-report-intro.md	content about one artefact - its intro note	1	compact match on mii-pr-mikrobio-diagnostic-report (1 candidate artefact; intro note already present)
MIIIGModulMikrobiologie/Technische-Implementierung/FHIR-Profile/Probe.page.md	input/pagecontent/probe.md	an agreed page already owns the concern	3	agreed page named 'probe' exists in the target
MIIIGModulMikrobiologie/Technische-Implementierung/FHIR-Profile/Index.page.md	input/pagecontent/fhir-profile.md	cross-cutting narrative - own page (hub, pages:-nested)	4	no artefact anchor; no agreed page; 10 child page(s)
MIIIGModulMikrobiologie/Technische-Implementierung/FHIR-Profile/FQL-Beschreibung.page.md	RETIRED	RETIRED - Simplifier FQL snippet, not a page: `topic:` frontmatter, no prose, not listed in toc.yaml, body is 100% <fql> over StructureDefinition.differential.element resp. CapabilityStatement.rest.resource. The IG Publisher renders both natively (element dictionary on the artefact page; the CapabilityStatement's own page), so there is no content to carry and no target page to carry it to.	5	no artefact anchor; no agreed page; 0 child page(s)
MIIIGModulMikrobiologie/Technische-Implementierung/FHIR-Profile/FQL-Capability-Operations.page.md	RETIRED	RETIRED - Simplifier FQL snippet, not a page: `topic:` frontmatter, no prose, not listed in toc.yaml, body is 100% <fql> over StructureDefinition.differential.element resp. CapabilityStatement.rest.resource. The IG Publisher renders both natively (element dictionary on the artefact page; the CapabilityStatement's own page), so there is no content to carry and no target page to carry it to.	5	no artefact anchor; no agreed page; 0 child page(s)
MIIIGModulMikrobiologie/Technische-Implementierung/FHIR-Profile/FQL-Capability-REST.page.md	RETIRED	RETIRED - Simplifier FQL snippet, not a page: `topic:` frontmatter, no prose, not listed in toc.yaml, body is 100% <fql> over StructureDefinition.differential.element resp. CapabilityStatement.rest.resource. The IG Publisher renders both natively (element dictionary on the artefact page; the CapabilityStatement's own page), so there is no content to carry and no target page to carry it to.	5	no artefact anchor; no agreed page; 0 child page(s)
MIIIGModulMikrobiologie/Technische-Implementierung/FHIR-Profile/FQL-Capability-Search.page.md	RETIRED	RETIRED - Simplifier FQL snippet, not a page: `topic:` frontmatter, no prose, not listed in toc.yaml, body is 100% <fql> over StructureDefinition.differential.element resp. CapabilityStatement.rest.resource. The IG Publisher renders both natively (element dictionary on the artefact page; the CapabilityStatement's own page), so there is no content to carry and no target page to carry it to.	5	no artefact anchor; no agreed page; 0 child page(s)
MIIIGModulMikrobiologie/Technische-Implementierung/FHIR-Profile/Kultur/Index.page.md	input/pagecontent/profiles.md	family overview - h3/h4 section on an artefact index page	2	7 children, 7 anchoring distinct artefacts (StructureDefinition)
MIIIGModulMikrobiologie/Technische-Implementierung/FHIR-Profile/Kultur/Allgemeine-Kultur.page.md	input/intro-notes/StructureDefinition-mii-pr-mikrobio-allgemeine-kultur-intro.md	content about one artefact - its intro note	1	compact match on mii-pr-mikrobio-allgemeine-kultur (9 candidate artefacts; intro note already present)
MIIIGModulMikrobiologie/Technische-Implementierung/FHIR-Profile/Kultur/Spezifische-Kultur.page.md	input/intro-notes/StructureDefinition-mii-pr-mikrobio-spezifische-kultur-intro.md	content about one artefact - its intro note	1	compact match on mii-pr-mikrobio-spezifische-kultur (10 candidate artefacts; intro note already present)
MIIIGModulMikrobiologie/Technische-Implementierung/FHIR-Profile/Kultur/Mikroskopie.page.md	input/intro-notes/StructureDefinition-mii-pr-mikrobio-mikroskopie-intro.md	content about one artefact - its intro note	1	compact match on mii-pr-mikrobio-mikroskopie (1 candidate artefact; intro note already present)
MIIIGModulMikrobiologie/Technische-Implementierung/FHIR-Profile/Kultur/Barlett-Score.page.md	input/intro-notes/StructureDefinition-mii-pr-mikrobio-barlett-score-intro.md	content about one artefact - its intro note	1	compact match on mii-pr-mikrobio-barlett-score (3 candidate artefacts; intro note already present)
MIIIGModulMikrobiologie/Technische-Implementierung/FHIR-Profile/Kultur/Nugent-Score.page.md	input/intro-notes/StructureDefinition-mii-pr-mikrobio-nugent-score-intro.md	content about one artefact - its intro note	1	compact match on mii-pr-mikrobio-nugent-score (3 candidate artefacts; intro note already present)
MIIIGModulMikrobiologie/Technische-Implementierung/FHIR-Profile/Kultur/Keimzahl.page.md	input/intro-notes/StructureDefinition-mii-pr-mikrobio-keimzahl-intro.md	content about one artefact - its intro note	1	compact match on mii-pr-mikrobio-keimzahl (3 candidate artefacts; intro note already present)
MIIIGModulMikrobiologie/Technische-Implementierung/FHIR-Profile/Kultur/Empfindlichkeit.page.md	input/intro-notes/StructureDefinition-mii-pr-mikrobio-empfindlichkeit-intro.md	content about one artefact - its intro note	1	compact match on mii-pr-mikrobio-empfindlichkeit (7 candidate artefacts; intro note already present)
MIIIGModulMikrobiologie/Technische-Implementierung/FHIR-Profile/Bestimmung/Index.page.md	input/pagecontent/profiles.md	family overview - h3/h4 section on an artefact index page	2	3 children, 3 anchoring distinct artefacts (StructureDefinition)
MIIIGModulMikrobiologie/Technische-Implementierung/FHIR-Profile/Bestimmung/Allgemeine-Bestimmung.page.md	input/intro-notes/StructureDefinition-mii-pr-mikrobio-allgemeine-bestimmung-intro.md	content about one artefact - its intro note	1	compact match on mii-pr-mikrobio-allgemeine-bestimmung (9 candidate artefacts; intro note already present)
MIIIGModulMikrobiologie/Technische-Implementierung/FHIR-Profile/Bestimmung/Spezifische-Bestimmung.page.md	input/intro-notes/StructureDefinition-mii-pr-mikrobio-spezifische-bestimmung-intro.md	content about one artefact - its intro note	1	compact match on mii-pr-mikrobio-spezifische-bestimmung (10 candidate artefacts; intro note already present)
MIIIGModulMikrobiologie/Technische-Implementierung/FHIR-Profile/Bestimmung/CT-Wert.page.md	input/intro-notes/StructureDefinition-mii-pr-mikrobio-ct-wert-intro.md	content about one artefact - its intro note	1	compact match on mii-pr-mikrobio-ct-wert (2 candidate artefacts; intro note already present)
MIIIGModulMikrobiologie/Technische-Implementierung/FHIR-Profile/Quantitative-tests/Index.page.md	input/pagecontent/profiles.md	family overview - h3/h4 section on an artefact index page	2	3 children, 3 anchoring distinct artefacts (StructureDefinition)
MIIIGModulMikrobiologie/Technische-Implementierung/FHIR-Profile/Quantitative-tests/Antigen-Antikoerper-Quantitativ.page.md	input/intro-notes/StructureDefinition-mii-pr-mikrobio-antigen-antikoerper-quantitativ-intro.md	content about one artefact - its intro note	1	compact match on mii-pr-mikrobio-antigen-antikoerper-quantitativ (4 candidate artefacts; intro note already present)
MIIIGModulMikrobiologie/Technische-Implementierung/FHIR-Profile/Quantitative-tests/Titer.page.md	input/intro-notes/StructureDefinition-mii-pr-mikrobio-titer-intro.md	content about one artefact - its intro note	1	compact match on mii-pr-mikrobio-titer (4 candidate artefacts; intro note already present)
MIIIGModulMikrobiologie/Technische-Implementierung/FHIR-Profile/Quantitative-tests/Molekulare-Pathogenlast.page.md	input/intro-notes/StructureDefinition-mii-pr-mikrobio-molekulare-pathogenlast-intro.md	content about one artefact - its intro note	1	compact match on mii-pr-mikrobio-molekulare-pathogenlast (4 candidate artefacts; intro note already present)
MIIIGModulMikrobiologie/Technische-Implementierung/FHIR-Profile/Weitere-Eigenschaften/Index.page.md	input/pagecontent/profiles.md	family overview - h3/h4 section on an artefact index page	2	6 children, 6 anchoring distinct artefacts (StructureDefinition)
MIIIGModulMikrobiologie/Technische-Implementierung/FHIR-Profile/Weitere-Eigenschaften/Virulenzfaktor.page.md	input/intro-notes/StructureDefinition-mii-pr-mikrobio-virulenzfaktor-intro.md	content about one artefact - its intro note	1	compact match on mii-pr-mikrobio-virulenzfaktor (1 candidate artefact; intro note already present)
MIIIGModulMikrobiologie/Technische-Implementierung/FHIR-Profile/Weitere-Eigenschaften/Resistenzmechanismen-Determinanten.page.md	input/intro-notes/StructureDefinition-mii-pr-mikrobio-resistenzmechanismen-determinanten-intro.md	content about one artefact - its intro note	1	compact match on mii-pr-mikrobio-resistenzmechanismen-determinanten (3 candidate artefacts; intro note already present)
MIIIGModulMikrobiologie/Technische-Implementierung/FHIR-Profile/Weitere-Eigenschaften/MRGN-Klasse.page.md	input/intro-notes/StructureDefinition-mii-pr-mikrobio-mrgn-klasse-intro.md	content about one artefact - its intro note	1	compact match on mii-pr-mikrobio-mrgn-klasse (3 candidate artefacts; intro note already present)
MIIIGModulMikrobiologie/Technische-Implementierung/FHIR-Profile/Weitere-Eigenschaften/Voraussichtliche-Empfindlichkeit.page.md	input/intro-notes/StructureDefinition-mii-pr-mikrobio-voraussichtliche-empfindlichkeit-intro.md	content about one artefact - its intro note	1	compact match on mii-pr-mikrobio-voraussichtliche-empfindlichkeit (7 candidate artefacts; intro note already present)
MIIIGModulMikrobiologie/Technische-Implementierung/FHIR-Profile/Weitere-Eigenschaften/Resistenzkategorie-Status.page.md	input/intro-notes/StructureDefinition-mii-pr-mikrobio-resistenzkategorie-status-intro.md	content about one artefact - its intro note	1	compact match on mii-pr-mikrobio-resistenzkategorie-status (4 candidate artefacts; intro note already present)
MIIIGModulMikrobiologie/Technische-Implementierung/FHIR-Profile/Weitere-Eigenschaften/Aviditaet.page.md	input/intro-notes/StructureDefinition-mii-pr-mikrobio-aviditaet-intro.md	content about one artefact - its intro note	1	compact match on mii-pr-mikrobio-aviditaet (3 candidate artefacts; intro note already present)
