id	layer	check	verdict	subject	evidence	autofix	action
C1-fde61c	conservation	C1	IDENTISCH	102 source artefacts	all present in fsh-generated, matched by id or canonical url (source: fsh-generated/resources)	-	-
C2-c135a4	conservation	C2	IDENTISCH	output/de (102 artefacts)	every generated resource is rendered and listed in artifacts.html	-	-
C2-f0749f	conservation	C2	IDENTISCH	output/en (102 artefacts)	every generated resource is rendered and listed in artifacts.html	-	-
C3-715576	conservation	C3	IDENTISCH	Beschreibung-von-Szenarien-fuer-die-Anwendung-der-Module.page.md	migrated -> input/pagecontent/guidance.md (input/pagecontent/guidance.md)	-	-
C3-06d89e	conservation	C3	IDENTISCH	Datensaetze-inkl-Beschreibungen.page.md	migrated -> input/pagecontent/logical-models.md (input/pagecontent/logical-models.md)	-	-
C3-38310d	conservation	C3	IDENTISCH	Anwendungsfaelle-Informationsmodell/Index.page.md	migrated -> input/pagecontent/anwendungsfaelle-informationsmodell.md (input/pagecontent/anwendungsfaelle-informationsmodell.md)	-	-
C3-fcd593	conservation	C3	IDENTISCH	UML.page.md	migrated -> input/pagecontent/uml-diagrams.md (input/pagecontent/uml-diagrams.md)	-	-
C3-2db01c	conservation	C3	IDENTISCH	Beschreibung-Modul-Mikrobiologie.page.md	migrated -> input/pagecontent/index.md (input/pagecontent/index.md)	-	-
C3-946ad5	conservation	C3	IDENTISCH	Changelog.page.md	migrated -> input/pagecontent/changes.md (input/pagecontent/changes.md)	-	-
C3-b0bc34	conservation	C3	IDENTISCH	MIIIGModulMikrobiologie/Index.page.md	migrated -> input/pagecontent/index.md (input/pagecontent/index.md)	-	-
C3-9e7133	conservation	C3	IDENTISCH	Kontext-im-Gesamtprojekt-Bezuege-zu-anderen-Modulen.page.md	migrated -> input/pagecontent/implementer-guidance.md (input/pagecontent/implementer-guidance.md)	-	-
C3-b75bba	conservation	C3	IDENTISCH	Referenzen.page.md	migrated -> input/pagecontent/implementer-guidance.md (input/pagecontent/implementer-guidance.md)	-	-
C3-32eff4	conservation	C3	IDENTISCH	CapabilityStatement.page.md	migrated -> input/pagecontent/capability-statements.md (input/pagecontent/capability-statements.md)	-	-
C3-023971	conservation	C3	IDENTISCH	Allgemeine-Bestimmung.page.md	migrated -> input/intro-notes/StructureDefinition-mii-pr-mikrobio-allgemeine-bestimmung-intro.md (input/intro-notes/StructureDefinition-mii-pr-mikrobio-allgemeine-bestimmung-intro.md)	-	-
C3-f06295	conservation	C3	IDENTISCH	CT-Wert.page.md	migrated -> input/intro-notes/StructureDefinition-mii-pr-mikrobio-ct-wert-intro.md (input/intro-notes/StructureDefinition-mii-pr-mikrobio-ct-wert-intro.md)	-	-
C3-22e30c	conservation	C3	IDENTISCH	Bestimmung/Index.page.md	migrated -> input/pagecontent/profiles.md (input/pagecontent/profiles.md)	-	-
C3-ae0bc8	conservation	C3	IDENTISCH	Spezifische-Bestimmung.page.md	migrated -> input/intro-notes/StructureDefinition-mii-pr-mikrobio-spezifische-bestimmung-intro.md (input/intro-notes/StructureDefinition-mii-pr-mikrobio-spezifische-bestimmung-intro.md)	-	-
C3-5a7083	conservation	C3	IDENTISCH	Diagnostic-Report.page.md	migrated -> input/intro-notes/StructureDefinition-mii-pr-mikrobio-diagnostic-report-intro.md (input/intro-notes/StructureDefinition-mii-pr-mikrobio-diagnostic-report-intro.md)	-	-
C3-a7ede3	conservation	C3	IDENTISCH	FQL-Beschreibung.page.md	retired: RETIRED - Simplifier FQL snippet, not a page: `topic:` frontmatter, no prose, not listed in toc.yaml, body is 100% <fql> over StructureDefinition.differential.element resp. CapabilityStatement.rest.resource. The IG Publisher renders both natively (element dictionary on the artefact page; the CapabilityStatement's own page), so there is no content to carry and no target page to carry it to.	-	-
C3-594720	conservation	C3	IDENTISCH	FQL-Capability-Operations.page.md	retired: RETIRED - Simplifier FQL snippet, not a page: `topic:` frontmatter, no prose, not listed in toc.yaml, body is 100% <fql> over StructureDefinition.differential.element resp. CapabilityStatement.rest.resource. The IG Publisher renders both natively (element dictionary on the artefact page; the CapabilityStatement's own page), so there is no content to carry and no target page to carry it to.	-	-
C3-3ea38d	conservation	C3	IDENTISCH	FQL-Capability-REST.page.md	retired: RETIRED - Simplifier FQL snippet, not a page: `topic:` frontmatter, no prose, not listed in toc.yaml, body is 100% <fql> over StructureDefinition.differential.element resp. CapabilityStatement.rest.resource. The IG Publisher renders both natively (element dictionary on the artefact page; the CapabilityStatement's own page), so there is no content to carry and no target page to carry it to.	-	-
C3-b1beb4	conservation	C3	IDENTISCH	FQL-Capability-Search.page.md	retired: RETIRED - Simplifier FQL snippet, not a page: `topic:` frontmatter, no prose, not listed in toc.yaml, body is 100% <fql> over StructureDefinition.differential.element resp. CapabilityStatement.rest.resource. The IG Publisher renders both natively (element dictionary on the artefact page; the CapabilityStatement's own page), so there is no content to carry and no target page to carry it to.	-	-
C3-880292	conservation	C3	IDENTISCH	FHIR-Profile/Index.page.md	migrated -> input/pagecontent/fhir-profile.md (input/pagecontent/fhir-profile.md)	-	-
C3-836e36	conservation	C3	IDENTISCH	Allgemeine-Kultur.page.md	migrated -> input/intro-notes/StructureDefinition-mii-pr-mikrobio-allgemeine-kultur-intro.md (input/intro-notes/StructureDefinition-mii-pr-mikrobio-allgemeine-kultur-intro.md)	-	-
C3-9decc2	conservation	C3	IDENTISCH	Barlett-Score.page.md	migrated -> input/intro-notes/StructureDefinition-mii-pr-mikrobio-barlett-score-intro.md (input/intro-notes/StructureDefinition-mii-pr-mikrobio-barlett-score-intro.md)	-	-
C3-5df921	conservation	C3	IDENTISCH	Empfindlichkeit.page.md	migrated -> input/intro-notes/StructureDefinition-mii-pr-mikrobio-empfindlichkeit-intro.md (input/intro-notes/StructureDefinition-mii-pr-mikrobio-empfindlichkeit-intro.md)	-	-
C3-583313	conservation	C3	IDENTISCH	Kultur/Index.page.md	migrated -> input/pagecontent/profiles.md (input/pagecontent/profiles.md)	-	-
C3-69e50b	conservation	C3	IDENTISCH	Keimzahl.page.md	migrated -> input/intro-notes/StructureDefinition-mii-pr-mikrobio-keimzahl-intro.md (input/intro-notes/StructureDefinition-mii-pr-mikrobio-keimzahl-intro.md)	-	-
C3-8c50f2	conservation	C3	IDENTISCH	Mikroskopie.page.md	migrated -> input/intro-notes/StructureDefinition-mii-pr-mikrobio-mikroskopie-intro.md (input/intro-notes/StructureDefinition-mii-pr-mikrobio-mikroskopie-intro.md)	-	-
C3-ce0cbf	conservation	C3	IDENTISCH	Nugent-Score.page.md	migrated -> input/intro-notes/StructureDefinition-mii-pr-mikrobio-nugent-score-intro.md (input/intro-notes/StructureDefinition-mii-pr-mikrobio-nugent-score-intro.md)	-	-
C3-b81a06	conservation	C3	IDENTISCH	Spezifische-Kultur.page.md	migrated -> input/intro-notes/StructureDefinition-mii-pr-mikrobio-spezifische-kultur-intro.md (input/intro-notes/StructureDefinition-mii-pr-mikrobio-spezifische-kultur-intro.md)	-	-
C3-2aa647	conservation	C3	IDENTISCH	Probe.page.md	migrated -> input/pagecontent/probe.md (input/pagecontent/probe.md)	-	-
C3-2adc2c	conservation	C3	IDENTISCH	Antigen-Antikoerper-Quantitativ.page.md	migrated -> input/intro-notes/StructureDefinition-mii-pr-mikrobio-antigen-antikoerper-quantitativ-intro.md (input/intro-notes/StructureDefinition-mii-pr-mikrobio-antigen-antikoerper-quantitativ-intro.md)	-	-
C3-46218c	conservation	C3	IDENTISCH	Quantitative-tests/Index.page.md	migrated -> input/pagecontent/profiles.md (input/pagecontent/profiles.md)	-	-
C3-d0620b	conservation	C3	IDENTISCH	Molekulare-Pathogenlast.page.md	migrated -> input/intro-notes/StructureDefinition-mii-pr-mikrobio-molekulare-pathogenlast-intro.md (input/intro-notes/StructureDefinition-mii-pr-mikrobio-molekulare-pathogenlast-intro.md)	-	-
C3-34c067	conservation	C3	IDENTISCH	Titer.page.md	migrated -> input/intro-notes/StructureDefinition-mii-pr-mikrobio-titer-intro.md (input/intro-notes/StructureDefinition-mii-pr-mikrobio-titer-intro.md)	-	-
C3-6eb80a	conservation	C3	IDENTISCH	Aviditaet.page.md	migrated -> input/intro-notes/StructureDefinition-mii-pr-mikrobio-aviditaet-intro.md (input/intro-notes/StructureDefinition-mii-pr-mikrobio-aviditaet-intro.md)	-	-
C3-de3f86	conservation	C3	IDENTISCH	Weitere-Eigenschaften/Index.page.md	migrated -> input/pagecontent/profiles.md (input/pagecontent/profiles.md)	-	-
C3-a38e3a	conservation	C3	IDENTISCH	MRGN-Klasse.page.md	migrated -> input/intro-notes/StructureDefinition-mii-pr-mikrobio-mrgn-klasse-intro.md (input/intro-notes/StructureDefinition-mii-pr-mikrobio-mrgn-klasse-intro.md)	-	-
C3-6c20fb	conservation	C3	IDENTISCH	Resistenzkategorie-Status.page.md	migrated -> input/intro-notes/StructureDefinition-mii-pr-mikrobio-resistenzkategorie-status-intro.md (input/intro-notes/StructureDefinition-mii-pr-mikrobio-resistenzkategorie-status-intro.md)	-	-
C3-cd23ef	conservation	C3	IDENTISCH	Resistenzmechanismen-Determinanten.page.md	migrated -> input/intro-notes/StructureDefinition-mii-pr-mikrobio-resistenzmechanismen-determinanten-intro.md (input/intro-notes/StructureDefinition-mii-pr-mikrobio-resistenzmechanismen-determinanten-intro.md)	-	-
C3-3cc7a9	conservation	C3	IDENTISCH	Virulenzfaktor.page.md	migrated -> input/intro-notes/StructureDefinition-mii-pr-mikrobio-virulenzfaktor-intro.md (input/intro-notes/StructureDefinition-mii-pr-mikrobio-virulenzfaktor-intro.md)	-	-
C3-9536fe	conservation	C3	IDENTISCH	Voraussichtliche-Empfindlichkeit.page.md	migrated -> input/intro-notes/StructureDefinition-mii-pr-mikrobio-voraussichtliche-empfindlichkeit-intro.md (input/intro-notes/StructureDefinition-mii-pr-mikrobio-voraussichtliche-empfindlichkeit-intro.md)	-	-
C3-c1cd9c	conservation	C3	IDENTISCH	Technische-Implementierung/Index.page.md	migrated -> input/pagecontent/technische-implementierung.md (input/pagecontent/technische-implementierung.md)	-	-
C3-4a9858	conservation	C3	IDENTISCH	Profilauswahl-und-Abgrenzung.page.md	migrated -> input/pagecontent/profilauswahl-und-abgrenzung.md (input/pagecontent/profilauswahl-und-abgrenzung.md)	-	-
C3-d04b32	conservation	C3	IDENTISCH	Terminologien.page.md	migrated -> input/pagecontent/code-systems.md (input/pagecontent/code-systems.md)	-	-
C4-5dca0e	conservation	C4	NICHT PRUEFBAR	Allgemeine-Bestimmung.page.md	the source page embeds an element-tree rendering (4 occurrences of the renderer's marker); 2 of 8 runs are in no target page, but prose and rendered view cannot be told apart in it	-	read the page against its target: migration replaces the VIEW with the artefact page (R1), so only its prose has to be conserved -- and only a human can say which is which here
C4-ef584a	conservation	C4	NICHT PRUEFBAR	Allgemeine-Kultur.page.md	the source page embeds an element-tree rendering (4 occurrences of the renderer's marker); 2 of 3 runs are in no target page, but prose and rendered view cannot be told apart in it	-	read the page against its target: migration replaces the VIEW with the artefact page (R1), so only its prose has to be conserved -- and only a human can say which is which here
C4-84dd06	conservation	C4	NICHT PRUEFBAR	Antigen-Antikoerper-Quantitativ.page.md	the source page embeds an element-tree rendering (4 occurrences of the renderer's marker); 2 of 3 runs are in no target page, but prose and rendered view cannot be told apart in it	-	read the page against its target: migration replaces the VIEW with the artefact page (R1), so only its prose has to be conserved -- and only a human can say which is which here
C4-518fef	conservation	C4	DIVERGIERT	Anwendungsfaelle-Informationsmodell/Index.page.md	1 of 2 PROSE runs of the source page are in no target page (first: Dieses Modul ist von entscheidender Bedeutung, da es die Gru…)	-	map the missing text to a target page section, or record the loss in the report's content map
C4-c8c1ba	conservation	C4	NICHT PRUEFBAR	Aviditaet.page.md	the source page embeds an element-tree rendering (4 occurrences of the renderer's marker); 2 of 3 runs are in no target page, but prose and rendered view cannot be told apart in it	-	read the page against its target: migration replaces the VIEW with the artefact page (R1), so only its prose has to be conserved -- and only a human can say which is which here
C4-971b9a	conservation	C4	NICHT PRUEFBAR	Barlett-Score.page.md	the source page embeds an element-tree rendering (4 occurrences of the renderer's marker); 2 of 3 runs are in no target page, but prose and rendered view cannot be told apart in it	-	read the page against its target: migration replaces the VIEW with the artefact page (R1), so only its prose has to be conserved -- and only a human can say which is which here
C4-92b964	conservation	C4	IDENTISCH	Beschreibung-Modul-Mikrobiologie.page.md	all 2 prose runs present in the target's de corpus	-	-
C4-85a41b	conservation	C4	DIVERGIERT	Beschreibung-von-Szenarien-fuer-die-Anwendung-der-Module.page.md	2 of 7 PROSE runs of the source page are in no target page (first: Die Ergebnisse von Empfindlichkeitstests können sowohl gemäß…)	-	map the missing text to a target page section, or record the loss in the report's content map
C4-4a8dc7	conservation	C4	IDENTISCH	Bestimmung/Index.page.md	all 1 prose runs present in the target's de corpus	-	-
C4-d3b218	conservation	C4	NICHT PRUEFBAR	CT-Wert.page.md	the source page embeds an element-tree rendering (4 occurrences of the renderer's marker); 2 of 3 runs are in no target page, but prose and rendered view cannot be told apart in it	-	read the page against its target: migration replaces the VIEW with the artefact page (R1), so only its prose has to be conserved -- and only a human can say which is which here
C4-196ae3	conservation	C4	DIVERGIERT	CapabilityStatement.page.md	2 of 6 PROSE runs of the source page are in no target page (first: Um eine dezentrale Datenauswertung mittel des Deutsche Forsc…)	-	map the missing text to a target page section, or record the loss in the report's content map
C4-90cec4	conservation	C4	DIVERGIERT	Changelog.page.md	2 of 89 PROSE runs of the source page are in no target page (first: tbd - Das Logical Model war bisher ein Verzeichnis der FHIR-…); 172 generated table row(s) excluded -- migration replaces that view with the artefact page (R1 checks THAT)	-	map the missing text to a target page section, or record the loss in the report's content map
C4-34fd67	conservation	C4	IDENTISCH	Datensaetze-inkl-Beschreibungen.page.md	all 15 prose runs present in the target's de corpus; 5 generated table row(s) excluded -- migration replaces that view with the artefact page (R1 checks THAT)	-	-
C4-5b1472	conservation	C4	NICHT PRUEFBAR	Diagnostic-Report.page.md	the source page embeds an element-tree rendering (4 occurrences of the renderer's marker); 2 of 6 runs are in no target page, but prose and rendered view cannot be told apart in it	-	read the page against its target: migration replaces the VIEW with the artefact page (R1), so only its prose has to be conserved -- and only a human can say which is which here
C4-987b60	conservation	C4	NICHT PRUEFBAR	Empfindlichkeit.page.md	the source page embeds an element-tree rendering (4 occurrences of the renderer's marker); 3 of 5 runs are in no target page, but prose and rendered view cannot be told apart in it	-	read the page against its target: migration replaces the VIEW with the artefact page (R1), so only its prose has to be conserved -- and only a human can say which is which here
C4-49d110	conservation	C4	IDENTISCH	FHIR-Profile/Index.page.md	all 7 prose runs present in the target's de corpus; 3 generated table row(s) excluded -- migration replaces that view with the artefact page (R1 checks THAT)	-	-
C4-6f76e9	conservation	C4	DIVERGIERT	FQL-Beschreibung.page.md	2 of 2 PROSE runs of the source page are in no target page (first: from StructureDefinition where url = %canonical select Besch…)	-	map the missing text to a target page section, or record the loss in the report's content map
C4-c13868	conservation	C4	DIVERGIERT	FQL-Capability-Operations.page.md	1 of 1 PROSE runs of the source page are in no target page (first: from CapabilityStatement where url = %capability for rest.re…)	-	map the missing text to a target page section, or record the loss in the report's content map
C4-74f5d8	conservation	C4	DIVERGIERT	FQL-Capability-REST.page.md	1 of 1 PROSE runs of the source page are in no target page (first: from CapabilityStatement where url = %capability for rest.re…)	-	map the missing text to a target page section, or record the loss in the report's content map
C4-dbb5f9	conservation	C4	DIVERGIERT	FQL-Capability-Search.page.md	1 of 1 PROSE runs of the source page are in no target page (first: from CapabilityStatement where url = %capability for rest.re…)	-	map the missing text to a target page section, or record the loss in the report's content map
C4-c27b31	conservation	C4	NICHT PRUEFBAR	Keimzahl.page.md	the source page embeds an element-tree rendering (4 occurrences of the renderer's marker); 2 of 3 runs are in no target page, but prose and rendered view cannot be told apart in it	-	read the page against its target: migration replaces the VIEW with the artefact page (R1), so only its prose has to be conserved -- and only a human can say which is which here
C4-b7b687	conservation	C4	DIVERGIERT	Kontext-im-Gesamtprojekt-Bezuege-zu-anderen-Modulen.page.md	5 of 5 PROSE runs of the source page are in no target page (first: Dieses KDS-Modul ist eng mit dem [KDS-Modul Laborbefund]( "K…)	-	map the missing text to a target page section, or record the loss in the report's content map
C4-e9e34a	conservation	C4	IDENTISCH	Kultur/Index.page.md	all 3 prose runs present in the target's de corpus	-	-
C4-729ff0	conservation	C4	DIVERGIERT	MIIIGModulMikrobiologie/Index.page.md	11 of 15 PROSE runs of the source page are in no target page (first: Dieser Leitfaden ist im Rahmen der Medizininformatik-Initati…); 9 generated table row(s) excluded -- migration replaces that view with the artefact page (R1 checks THAT)	-	map the missing text to a target page section, or record the loss in the report's content map
C4-9ccbe6	conservation	C4	NICHT PRUEFBAR	MRGN-Klasse.page.md	the source page embeds an element-tree rendering (4 occurrences of the renderer's marker); 4 of 11 runs are in no target page, but prose and rendered view cannot be told apart in it	-	read the page against its target: migration replaces the VIEW with the artefact page (R1), so only its prose has to be conserved -- and only a human can say which is which here
C4-4a43b9	conservation	C4	NICHT PRUEFBAR	Mikroskopie.page.md	the source page embeds an element-tree rendering (4 occurrences of the renderer's marker); 2 of 4 runs are in no target page, but prose and rendered view cannot be told apart in it	-	read the page against its target: migration replaces the VIEW with the artefact page (R1), so only its prose has to be conserved -- and only a human can say which is which here
C4-0aaa28	conservation	C4	NICHT PRUEFBAR	Molekulare-Pathogenlast.page.md	the source page embeds an element-tree rendering (4 occurrences of the renderer's marker); 2 of 3 runs are in no target page, but prose and rendered view cannot be told apart in it	-	read the page against its target: migration replaces the VIEW with the artefact page (R1), so only its prose has to be conserved -- and only a human can say which is which here
C4-cfbdf9	conservation	C4	NICHT PRUEFBAR	Nugent-Score.page.md	the source page embeds an element-tree rendering (4 occurrences of the renderer's marker); 2 of 3 runs are in no target page, but prose and rendered view cannot be told apart in it	-	read the page against its target: migration replaces the VIEW with the artefact page (R1), so only its prose has to be conserved -- and only a human can say which is which here
C4-ba5722	conservation	C4	DIVERGIERT	Probe.page.md	1 of 8 PROSE runs of the source page are in no target page (first: Für die Abbildung von Proben wird auf das Profil [MII_PR_Bio…)	-	map the missing text to a target page section, or record the loss in the report's content map
C4-e7d0b5	conservation	C4	DIVERGIERT	Profilauswahl-und-Abgrenzung.page.md	2 of 31 PROSE runs of the source page are in no target page (first: Für gramnegative Erreger mit einer MRGN-Klassifikation erfol…); 19 generated table row(s) excluded -- migration replaces that view with the artefact page (R1 checks THAT)	-	map the missing text to a target page section, or record the loss in the report's content map
C4-b93ff2	conservation	C4	IDENTISCH	Quantitative-tests/Index.page.md	all 1 prose runs present in the target's de corpus	-	-
C4-fe91db	conservation	C4	DIVERGIERT	Referenzen.page.md	1 of 3 PROSE runs of the source page are in no target page (first: Es baut auf den Vorarbeiten für den [HiGHmed Use Case Infect…)	-	map the missing text to a target page section, or record the loss in the report's content map
C4-768ed9	conservation	C4	NICHT PRUEFBAR	Resistenzkategorie-Status.page.md	the source page embeds an element-tree rendering (4 occurrences of the renderer's marker); 2 of 23 runs are in no target page, but prose and rendered view cannot be told apart in it	-	read the page against its target: migration replaces the VIEW with the artefact page (R1), so only its prose has to be conserved -- and only a human can say which is which here
C4-62691a	conservation	C4	NICHT PRUEFBAR	Resistenzmechanismen-Determinanten.page.md	the source page embeds an element-tree rendering (4 occurrences of the renderer's marker); 2 of 3 runs are in no target page, but prose and rendered view cannot be told apart in it	-	read the page against its target: migration replaces the VIEW with the artefact page (R1), so only its prose has to be conserved -- and only a human can say which is which here
C4-03eefa	conservation	C4	NICHT PRUEFBAR	Spezifische-Bestimmung.page.md	the source page embeds an element-tree rendering (4 occurrences of the renderer's marker); 5 of 12 runs are in no target page, but prose and rendered view cannot be told apart in it	-	read the page against its target: migration replaces the VIEW with the artefact page (R1), so only its prose has to be conserved -- and only a human can say which is which here
C4-f8edf0	conservation	C4	NICHT PRUEFBAR	Spezifische-Kultur.page.md	the source page embeds an element-tree rendering (4 occurrences of the renderer's marker); 4 of 9 runs are in no target page, but prose and rendered view cannot be told apart in it	-	read the page against its target: migration replaces the VIEW with the artefact page (R1), so only its prose has to be conserved -- and only a human can say which is which here
C4-2a8dbd	conservation	C4	NICHT PRUEFBAR	Technische-Implementierung/Index.page.md	the source page carries NO prose -- 0 generated table row(s) only	-	conservation of a generated view is not a text question; confirm the artefact page replaces it (R1)
C4-dcd614	conservation	C4	IDENTISCH	Terminologien.page.md	all 13 prose runs present in the target's de corpus	-	-
C4-ee7ce6	conservation	C4	NICHT PRUEFBAR	Titer.page.md	the source page embeds an element-tree rendering (4 occurrences of the renderer's marker); 2 of 8 runs are in no target page, but prose and rendered view cannot be told apart in it	-	read the page against its target: migration replaces the VIEW with the artefact page (R1), so only its prose has to be conserved -- and only a human can say which is which here
C4-d47516	conservation	C4	DIVERGIERT	UML.page.md	1 of 10 PROSE runs of the source page are in no target page (first: Zur besseren Lesbarkeit findet sich das vollständige Diagram…)	-	map the missing text to a target page section, or record the loss in the report's content map
C4-e50664	conservation	C4	NICHT PRUEFBAR	Virulenzfaktor.page.md	the source page embeds an element-tree rendering (4 occurrences of the renderer's marker); 2 of 3 runs are in no target page, but prose and rendered view cannot be told apart in it	-	read the page against its target: migration replaces the VIEW with the artefact page (R1), so only its prose has to be conserved -- and only a human can say which is which here
C4-3c1363	conservation	C4	NICHT PRUEFBAR	Voraussichtliche-Empfindlichkeit.page.md	the source page embeds an element-tree rendering (4 occurrences of the renderer's marker); 2 of 3 runs are in no target page, but prose and rendered view cannot be told apart in it	-	read the page against its target: migration replaces the VIEW with the artefact page (R1), so only its prose has to be conserved -- and only a human can say which is which here
C4-e83476	conservation	C4	IDENTISCH	Weitere-Eigenschaften/Index.page.md	all 1 prose runs present in the target's de corpus	-	-
C5-f09e26	conservation	C5	IDENTISCH	input/includes/menu.xml	all 33 menu entries resolve to a real page	-	-
C5-d64c1f	conservation	C5	IDENTISCH	input/translations/de/includes/menu.xml	all 33 menu entries resolve to a real page	-	-
C5-87e969	conservation	C5	DIVERGIERT	input/pagecontent/ImplementationGuide-kerndatensatzmodul-mikrobiologie.md	narrative page in NO menu entry -- rendered, but reachable only by typing its URL	-	add it to input/includes/menu.xml (and the per-language copies), or retire the page
C5-2d86b5	conservation	C5	NICHT PRUEFBAR	target pages without a source counterpart	references/template-pages.tsv is measured at module-template v0.11.1, but this module vendors v0.13.2 -- a stale manifest produces confident wrong findings in both directions	-	re-measure template-pages.tsv at the vendored tag (record the tag in the third column), then re-run
C6-cc0b45	conservation	C6	IDENTISCH	Allgemeine-Bestimmung.page.md	6 of 8 runs placed, most on StructureDefinition-mii-pr-mikrobio-allgemeine-bestimmung-intro -- the mapped target	-	-
C6-259bba	conservation	C6	IDENTISCH	Allgemeine-Kultur.page.md	1 of 3 runs placed, most on StructureDefinition-mii-pr-mikrobio-allgemeine-kultur-intro -- the mapped target	-	-
C6-c9ac30	conservation	C6	IDENTISCH	Antigen-Antikoerper-Quantitativ.page.md	1 of 3 runs placed, most on StructureDefinition-mii-pr-mikrobio-antigen-antikoerper-quantitativ-intro -- the mapped target	-	-
C6-7d0c4b	conservation	C6	IDENTISCH	Anwendungsfaelle-Informationsmodell/Index.page.md	1 of 2 runs placed, most on anwendungsfaelle-informationsmodell -- the mapped target	-	-
C6-204ebb	conservation	C6	IDENTISCH	Aviditaet.page.md	1 of 3 runs placed, most on StructureDefinition-mii-pr-mikrobio-aviditaet-intro -- the mapped target	-	-
C6-48bc35	conservation	C6	IDENTISCH	Barlett-Score.page.md	1 of 3 runs placed, most on StructureDefinition-mii-pr-mikrobio-barlett-score-intro -- the mapped target	-	-
C6-500966	conservation	C6	IDENTISCH	Beschreibung-Modul-Mikrobiologie.page.md	2 of 2 runs placed, most on index -- the mapped target	-	-
C6-46d149	conservation	C6	IDENTISCH	Beschreibung-von-Szenarien-fuer-die-Anwendung-der-Module.page.md	5 of 7 runs placed, most on guidance -- the mapped target	-	-
C6-588bd0	conservation	C6	IDENTISCH	Bestimmung/Index.page.md	1 of 1 runs placed, most on profiles -- the mapped target	-	-
C6-029cbd	conservation	C6	IDENTISCH	CT-Wert.page.md	1 of 3 runs placed, most on StructureDefinition-mii-pr-mikrobio-ct-wert-intro -- the mapped target	-	-
C6-c81fe3	conservation	C6	IDENTISCH	CapabilityStatement.page.md	4 of 6 runs placed, most on capability-statements -- the mapped target	-	-
C6-3a493b	conservation	C6	IDENTISCH	Changelog.page.md	87 of 89 runs placed, most on changes -- the mapped target	-	-
C6-13dbe9	conservation	C6	IDENTISCH	Datensaetze-inkl-Beschreibungen.page.md	15 of 15 runs placed, most on logical-models -- the mapped target	-	-
C6-25a6b5	conservation	C6	IDENTISCH	Diagnostic-Report.page.md	4 of 6 runs placed, most on StructureDefinition-mii-pr-mikrobio-diagnostic-report-intro -- the mapped target	-	-
C6-483ba2	conservation	C6	IDENTISCH	Empfindlichkeit.page.md	2 of 5 runs placed, most on StructureDefinition-mii-pr-mikrobio-empfindlichkeit-intro -- the mapped target	-	-
C6-ddc83d	conservation	C6	IDENTISCH	FHIR-Profile/Index.page.md	7 of 7 runs placed, most on fhir-profile -- the mapped target	-	-
C6-fb7f81	conservation	C6	IDENTISCH	Keimzahl.page.md	1 of 3 runs placed, most on StructureDefinition-mii-pr-mikrobio-keimzahl-intro -- the mapped target	-	-
C6-caaf15	conservation	C6	IDENTISCH	Kultur/Index.page.md	3 of 3 runs placed, most on profiles -- the mapped target	-	-
C6-ddc958	conservation	C6	IDENTISCH	MIIIGModulMikrobiologie/Index.page.md	4 of 15 runs placed, most on index -- the mapped target	-	-
C6-3b2585	conservation	C6	IDENTISCH	MRGN-Klasse.page.md	7 of 11 runs placed, most on StructureDefinition-mii-pr-mikrobio-mrgn-klasse-intro -- the mapped target	-	-
C6-8f7eed	conservation	C6	IDENTISCH	Mikroskopie.page.md	2 of 4 runs placed, most on StructureDefinition-mii-pr-mikrobio-mikroskopie-intro -- the mapped target	-	-
C6-185a5a	conservation	C6	IDENTISCH	Molekulare-Pathogenlast.page.md	1 of 3 runs placed, most on StructureDefinition-mii-pr-mikrobio-molekulare-pathogenlast-intro -- the mapped target	-	-
C6-29618f	conservation	C6	IDENTISCH	Nugent-Score.page.md	1 of 3 runs placed, most on StructureDefinition-mii-pr-mikrobio-nugent-score-intro -- the mapped target	-	-
C6-466240	conservation	C6	IDENTISCH	Probe.page.md	7 of 8 runs placed, most on probe -- the mapped target	-	-
C6-6899d1	conservation	C6	IDENTISCH	Profilauswahl-und-Abgrenzung.page.md	29 of 31 runs placed, most on profilauswahl-und-abgrenzung -- the mapped target	-	-
C6-b2ea0d	conservation	C6	IDENTISCH	Quantitative-tests/Index.page.md	1 of 1 runs placed, most on profiles -- the mapped target	-	-
C6-997ea5	conservation	C6	IDENTISCH	Referenzen.page.md	2 of 3 runs placed, most on implementer-guidance -- the mapped target	-	-
C6-ce9952	conservation	C6	IDENTISCH	Resistenzkategorie-Status.page.md	21 of 23 runs placed, most on StructureDefinition-mii-pr-mikrobio-resistenzkategorie-status-intro -- the mapped target	-	-
C6-04ca6d	conservation	C6	IDENTISCH	Resistenzmechanismen-Determinanten.page.md	1 of 3 runs placed, most on StructureDefinition-mii-pr-mikrobio-resistenzmechanismen-determinanten-intro -- the mapped target	-	-
C6-b0d307	conservation	C6	IDENTISCH	Spezifische-Bestimmung.page.md	7 of 12 runs placed, most on StructureDefinition-mii-pr-mikrobio-spezifische-bestimmung-intro -- the mapped target	-	-
C6-b5b838	conservation	C6	IDENTISCH	Spezifische-Kultur.page.md	5 of 9 runs placed, most on StructureDefinition-mii-pr-mikrobio-spezifische-kultur-intro -- the mapped target	-	-
C6-8d2119	conservation	C6	IDENTISCH	Terminologien.page.md	13 of 13 runs placed, most on code-systems -- the mapped target	-	-
C6-75a656	conservation	C6	IDENTISCH	Titer.page.md	6 of 8 runs placed, most on StructureDefinition-mii-pr-mikrobio-titer-intro -- the mapped target	-	-
C6-dcdd2a	conservation	C6	IDENTISCH	UML.page.md	9 of 10 runs placed, most on uml-diagrams -- the mapped target	-	-
C6-275966	conservation	C6	IDENTISCH	Virulenzfaktor.page.md	1 of 3 runs placed, most on StructureDefinition-mii-pr-mikrobio-virulenzfaktor-intro -- the mapped target	-	-
C6-676fc3	conservation	C6	IDENTISCH	Voraussichtliche-Empfindlichkeit.page.md	1 of 3 runs placed, most on StructureDefinition-mii-pr-mikrobio-voraussichtliche-empfindlichkeit-intro -- the mapped target	-	-
C6-f0db1f	conservation	C6	IDENTISCH	Weitere-Eigenschaften/Index.page.md	1 of 1 runs placed, most on profiles -- the mapped target	-	-
C7-304ac6	conservation	C7	NICHT PRUEFBAR	Allgemeine-Bestimmung.page.md	C4 could not tell this page's prose from its embedded element-tree rendering, so whether anything was rewritten here is not measured	-	read the page against its target (the same human action C4 asks for) and mark whatever the migration wrote per spec section 9d
C7-7e4929	conservation	C7	NICHT PRUEFBAR	Allgemeine-Kultur.page.md	C4 could not tell this page's prose from its embedded element-tree rendering, so whether anything was rewritten here is not measured	-	read the page against its target (the same human action C4 asks for) and mark whatever the migration wrote per spec section 9d
C7-8ee41c	conservation	C7	NICHT PRUEFBAR	Antigen-Antikoerper-Quantitativ.page.md	C4 could not tell this page's prose from its embedded element-tree rendering, so whether anything was rewritten here is not measured	-	read the page against its target (the same human action C4 asks for) and mark whatever the migration wrote per spec section 9d
C7-623158	conservation	C7	NICHT PRUEFBAR	Aviditaet.page.md	C4 could not tell this page's prose from its embedded element-tree rendering, so whether anything was rewritten here is not measured	-	read the page against its target (the same human action C4 asks for) and mark whatever the migration wrote per spec section 9d
C7-aa72eb	conservation	C7	NICHT PRUEFBAR	Barlett-Score.page.md	C4 could not tell this page's prose from its embedded element-tree rendering, so whether anything was rewritten here is not measured	-	read the page against its target (the same human action C4 asks for) and mark whatever the migration wrote per spec section 9d
C7-149782	conservation	C7	NICHT PRUEFBAR	CT-Wert.page.md	C4 could not tell this page's prose from its embedded element-tree rendering, so whether anything was rewritten here is not measured	-	read the page against its target (the same human action C4 asks for) and mark whatever the migration wrote per spec section 9d
C7-0e3693	conservation	C7	NICHT PRUEFBAR	Diagnostic-Report.page.md	C4 could not tell this page's prose from its embedded element-tree rendering, so whether anything was rewritten here is not measured	-	read the page against its target (the same human action C4 asks for) and mark whatever the migration wrote per spec section 9d
C7-88fcfb	conservation	C7	NICHT PRUEFBAR	Empfindlichkeit.page.md	C4 could not tell this page's prose from its embedded element-tree rendering, so whether anything was rewritten here is not measured	-	read the page against its target (the same human action C4 asks for) and mark whatever the migration wrote per spec section 9d
C7-b5be01	conservation	C7	NICHT PRUEFBAR	Keimzahl.page.md	C4 could not tell this page's prose from its embedded element-tree rendering, so whether anything was rewritten here is not measured	-	read the page against its target (the same human action C4 asks for) and mark whatever the migration wrote per spec section 9d
C7-290398	conservation	C7	NICHT PRUEFBAR	MRGN-Klasse.page.md	C4 could not tell this page's prose from its embedded element-tree rendering, so whether anything was rewritten here is not measured	-	read the page against its target (the same human action C4 asks for) and mark whatever the migration wrote per spec section 9d
C7-df5e24	conservation	C7	NICHT PRUEFBAR	Mikroskopie.page.md	C4 could not tell this page's prose from its embedded element-tree rendering, so whether anything was rewritten here is not measured	-	read the page against its target (the same human action C4 asks for) and mark whatever the migration wrote per spec section 9d
C7-7ad21b	conservation	C7	NICHT PRUEFBAR	Molekulare-Pathogenlast.page.md	C4 could not tell this page's prose from its embedded element-tree rendering, so whether anything was rewritten here is not measured	-	read the page against its target (the same human action C4 asks for) and mark whatever the migration wrote per spec section 9d
C7-4ee139	conservation	C7	NICHT PRUEFBAR	Nugent-Score.page.md	C4 could not tell this page's prose from its embedded element-tree rendering, so whether anything was rewritten here is not measured	-	read the page against its target (the same human action C4 asks for) and mark whatever the migration wrote per spec section 9d
C7-4c9a58	conservation	C7	NICHT PRUEFBAR	Resistenzkategorie-Status.page.md	C4 could not tell this page's prose from its embedded element-tree rendering, so whether anything was rewritten here is not measured	-	read the page against its target (the same human action C4 asks for) and mark whatever the migration wrote per spec section 9d
C7-8ce896	conservation	C7	NICHT PRUEFBAR	Resistenzmechanismen-Determinanten.page.md	C4 could not tell this page's prose from its embedded element-tree rendering, so whether anything was rewritten here is not measured	-	read the page against its target (the same human action C4 asks for) and mark whatever the migration wrote per spec section 9d
C7-4c36bc	conservation	C7	NICHT PRUEFBAR	Spezifische-Bestimmung.page.md	C4 could not tell this page's prose from its embedded element-tree rendering, so whether anything was rewritten here is not measured	-	read the page against its target (the same human action C4 asks for) and mark whatever the migration wrote per spec section 9d
C7-d7740f	conservation	C7	NICHT PRUEFBAR	Spezifische-Kultur.page.md	C4 could not tell this page's prose from its embedded element-tree rendering, so whether anything was rewritten here is not measured	-	read the page against its target (the same human action C4 asks for) and mark whatever the migration wrote per spec section 9d
C7-209de2	conservation	C7	NICHT PRUEFBAR	Titer.page.md	C4 could not tell this page's prose from its embedded element-tree rendering, so whether anything was rewritten here is not measured	-	read the page against its target (the same human action C4 asks for) and mark whatever the migration wrote per spec section 9d
C7-f478aa	conservation	C7	NICHT PRUEFBAR	Virulenzfaktor.page.md	C4 could not tell this page's prose from its embedded element-tree rendering, so whether anything was rewritten here is not measured	-	read the page against its target (the same human action C4 asks for) and mark whatever the migration wrote per spec section 9d
C7-f4e5a6	conservation	C7	NICHT PRUEFBAR	Voraussichtliche-Empfindlichkeit.page.md	C4 could not tell this page's prose from its embedded element-tree rendering, so whether anything was rewritten here is not measured	-	read the page against its target (the same human action C4 asks for) and mark whatever the migration wrote per spec section 9d
C7-1d79e9	conservation	C7	IDENTISCH	72 derived-content marker(s)	source= resolves to a page-map row or the literal `none`; both language mirrors carry it (de, default-language); every target page that replaced lost source prose carries one (migration-log/derived-content.tsv). The markers are review items, not defects: they are queue 2 rows, and whether any may remain at publication is a Gate-D decision (spec section 9d).	-	-
F1-093008	fidelity	F1	IDENTISCH	id	kerndatensatzmodul-mikrobiologie (identical to the source)	-	-
F1-bacf3c	fidelity	F1	DIVERGIERT	packageId	target de.medizininformatikinitiative.kerndatensatz.mikrobiologie  vs  source project	-	the SOURCE wins (spec 2.2); restore it or record the divergence as a Gate-A decision -- never normalise silently
F1-489e82	fidelity	F1	IDENTISCH	canonical	https://www.medizininformatik-initiative.de/fhir/modul-mikro… (identical to the source)	-	-
F1-6cbfea	fidelity	F1	IDENTISCH	version	2027.0.0-alpha.6 (identical to the source)	-	-
F1-8a3995	fidelity	F1	IDENTISCH	status	active (identical to the source)	-	-
F1-b5b102	fidelity	F1	DIVERGIERT	title	target MII Implementation Guide Microbiology  vs  source kerndatensatzmodul-mikrobiologie	-	the SOURCE wins (spec 2.2); restore it or record the divergence as a Gate-A decision -- never normalise silently
F1-7bae24	fidelity	F1	NICHT PRUEFBAR	license	no source value (neither the source tree nor the claims ledger yields one)	-	supply it at Gate A -- an identity field nobody can compare is not a field that matches
F1-5451f2	fidelity	F1	NICHT PRUEFBAR	publisher	no source value (neither the source tree nor the claims ledger yields one)	-	supply it at Gate A -- an identity field nobody can compare is not a field that matches
F1-f60f40	fidelity	F1	IDENTISCH	fhirVersion	4.0.1 (identical to the source)	-	-
F2-79aa99	fidelity	F2	IDENTISCH	de.medizininformatikinitiative.kerndatensatz.laborbefund	pinned 2026.0.3, identical to the source pin (the source tree (--source))	-	-
F2-fd0e73	fidelity	F2	NICHT PRUEFBAR	hl7.fhir.uv.crmi	target-only dependency 2.0.0 (not in the source)	-	confirm at Gate A that this is template machinery (hl7.fhir.uv.crmi is) and not an accidental addition
F2-617227	fidelity	F2	NICHT PRUEFBAR	hl7.fhir.uv.ips	target-only dependency 1.1.0 (not in the source)	-	confirm at Gate A that this is template machinery (hl7.fhir.uv.crmi is) and not an accidental addition
F2-e78ce4	fidelity	F2	NICHT PRUEFBAR	hl7.fhir.uv.xver-r5.r4	target-only dependency 0.1.0 (not in the source)	-	confirm at Gate A that this is template machinery (hl7.fhir.uv.crmi is) and not an accidental addition
F3-1a29c4	fidelity	F3	NICHT PRUEFBAR	license	target declares CC-BY-4.0 with NO tier evidence behind it (no claim in identity-claims.tsv)	-	read the source's LICENSE (repo-identity.sh) and claim it, or confirm the value at Gate A. The template's literal CC-BY-4.0 reaches here unflagged otherwise
F3-ce21cb	fidelity	F3	IDENTISCH	LICENSE file	the file text is CC-BY-4.0 (header: 'attribution 4.0 international'), matching the declared scalar	-	-
F4-daf0ce	fidelity	F4	IDENTISCH	115 FSH files	no fhir_comments rules, no whitespace-bearing code references	-	-
P1-fded0e	provenance	P1	IDENTISCH	template	rendered de.medizininformatikinitiative.template#1.3.4 == recorded template release v1.3.4 (URL reference)	-	-
P2-27e398	provenance	P2	IDENTISCH	scaffold template ref	v0.13.2 == latest release v0.13.2	-	-
P3-a28a47	provenance	P3	DIVERGIERT	IG Publisher version	rendered by 2.3.3, the workflow pins 2.3.2	-	the site was not built by the toolchain the repository declares; rebuild with the pin or correct the pin
P4-379bde	provenance	P4	IDENTISCH	source guide version	pinned 2025.0.1 (run.log, action simplifier-discover)	-	-
P5-ae41ea	provenance	P5	IDENTISCH	ig.ini	`ig = fsh-generated/resources/ImplementationGuide-kerndatensatzmodul-mikrobiologie.json` exists in the target	-	-
R1-866fe1	rendering	R1	IDENTISCH	output/de	tables, tabs and images all non-empty and resolvable	-	-
R2-48ed52	rendering	R2	DIVERGIERT	output/de id="ig-status" [{{]	on 1 page(s), e.g. searchform.html: Search {{title}} (Current Build)	-	rendered header/footer metadata defect -- qa.txt does not report it. Fix the metadata it renders (a jurisdiction code the template cannot resolve is the measured case)
R1-e1bc49	rendering	R1	IDENTISCH	output/en	tables, tabs and images all non-empty and resolvable	-	-
R2-d1da9a	rendering	R2	DIVERGIERT	output/en id="ig-status" [{{]	on 1 page(s), e.g. searchform.html: Search {{title}} (Current Build)	-	rendered header/footer metadata defect -- qa.txt does not report it. Fix the metadata it renders (a jurisdiction code the template cannot resolve is the measured case)
R1-76f413	rendering	R1	NICHT PRUEFBAR	source-versus-target rendering	no harvested source HTML (./migration-log/guide-harvest/html) and/or no page map	-	harvest with --keep-html and write the page map; without a source rendering, 'non-empty where non-empty in the source' has no reference
R3-c3bc54	rendering	R3	IDENTISCH	output/de	all 24 narrative pages differ from the default language	-	-
R4-84ad62	rendering	R4	NICHT PRUEFBAR	template example links	references/template-artifacts.tsv is verified at module-template v0.11.1, but this module vendors v0.13.2 -- a stale token list looks for the wrong scaffolding in both directions	-	re-verify the token list at the vendored tag (update the `# template_tag:` header), then re-run
R5-ed8cfb	rendering	R5	IDENTISCH	input/translations/de/ImplementationGuide-kerndatensatzmodul-mikrobiologie.po	a translated unit for every one of the 25 page titles	-	-
L0-28d3e4	log	L0	IDENTISCH	./migration-log/run.log	627 parsed lines, 2 runs	-	-
L1-72b929	log	L1	IDENTISCH	silent-partial-success WARNs	the log carries none across 627 lines	-	-
L2-0e48db	log	L2	IDENTISCH	1 preflight-analysis	present in the log	-	-
L2-5e1c48	log	L2	IDENTISCH	pre.2 classify-source-shape	present in the log	-	-
L2-4fd559	log	L2	IDENTISCH	pre.5 toolchain	present in the log	-	-
L2-541189	log	L2	IDENTISCH	5.1 source-inventory	present in the log	-	-
L2-9a6da6	log	L2	IDENTISCH	2.1 read-identity	present in the log	-	-
L2-23b069	log	L2	IDENTISCH	2.1 package-identity	present in the log	-	-
L2-7163a2	log	L2	IDENTISCH	2.1 repo-identity	present in the log	-	-
L2-07bdbb	log	L2	IDENTISCH	5.1c simplifier-discover	present in the log	-	-
L2-930ba2	log	L2	NICHT PRUEFBAR	5.1d guide-harvest	no line in the log; the step is conditional (the narrative is not in the repository)	-	confirm the condition did not hold -- This is the step whose absence shipped the template's starter pages under a module's name.
L2-666ef6	log	L2	IDENTISCH	5.2 skeleton-vendored	present in the log	-	-
L2-1e1cb5	log	L2	IDENTISCH	5.2 template-reference	present in the log	-	-
L2-200a9d	log	L2	IDENTISCH	5.2 sushi-skeleton	present in the log	-	-
L2-f09283	log	L2	IDENTISCH	5.2 license-align	present in the log	-	-
L2-9a700e	log	L2	IDENTISCH	5.3 transfer-artefacts	present in the log	-	-
L2-8fadca	log	L2	IDENTISCH	5.4 fql-scan	present in the log	-	-
L2-ec69ec	log	L2	IDENTISCH	5.4a optional-page-decisions	present in the log	-	-
L2-b6ec8c	log	L2	IDENTISCH	5.4b security-privacy-decision	present in the log	-	-
L2-254dc3	log	L2	IDENTISCH	5.4c page-routing	present in the log	-	-
L2-21c0ec	log	L2	IDENTISCH	5.4d derived-scan	present in the log	-	-
L2-a85d96	log	L2	IDENTISCH	5.5 gen-page-title-po	present in the log	-	-
L2-619c38	log	L2	IDENTISCH	5.6 sushi-build	present in the log	-	-
L2-a60619	log	L2	IDENTISCH	5.6 ig-publisher	present in the log	-	-
L2-d8144d	log	L2	IDENTISCH	5.6a sibling-skill-check	present in the log	-	-
L2-bce311	log	L2	IDENTISCH	7 prepost-delta	present in the log	-	-
L2-3b5912	log	L2	IDENTISCH	11 verify-migration	present in the log	-	-
L3-8d972c	log	L3	DIVERGIERT	identity field ?	1 unresolved contradiction WARN(s), first at 2026-08-25T14:45:07Z: identity-contradiction: releaseLabel=2026.0.0-alpha.6 against version=2027.0.0-alpha.6, both from sushi-config…	-	unresolved at verification time. It is a Gate-A decision, never a precedence puzzle to settle mechanically -- record it with a `decision:` line naming the field
L3-dd7d67	log	L3	DIVERGIERT	identity field packageId	2 unresolved contradiction WARN(s), first at 2026-08-25T14:44:49Z: identity-contradiction: field=packageId now=project (tier J, package.json name) vs packageId=de.medizininforma…	-	unresolved at verification time. It is a Gate-A decision, never a precedence puzzle to settle mechanically -- record it with a `decision:` line naming the field
L3-2981ed	log	L3	DIVERGIERT	identity field version	3 unresolved contradiction WARN(s), first at 2026-08-25T14:44:48Z: identity-contradiction: field=version now=2027.0.0-alpha.6 (tier C, sushi-config.yaml) vs version=2027.0.0-alp…	-	unresolved at verification time. It is a Gate-A decision, never a precedence puzzle to settle mechanically -- record it with a `decision:` line naming the field
L3-8766f8	log	L3	IDENTISCH	identity ledger	migration-log/identity-claims.tsv present, 20 claim(s)	-	-
L4-106e61	log	L4	NICHT PRUEFBAR	conversion count	no `gofsh-convert … actual=` line in the log	-	shape B only; for shape A there is nothing to convert
L4-f17740	log	L4	NICHT PRUEFBAR	page count	no harvested count in the log and/or no harvest manifest	-	harvest the guide (step 2c) where the narrative is not in the repo
L4-40cf60	log	L4	IDENTISCH	artifact count	artifacts.html lists 102 for 102 generated resources	-	-
