"Id","Path","Slice Name","Alias(s)","Label","Min","Max","Must Support?","Is Modifier?","Is Summary?","Type(s)","Short","Definition","Comments","Requirements","Default Value","Meaning When Missing","Fixed Value","Pattern","Example","Minimum Value","Maximum Value","Maximum Length","Binding Strength","Binding Description","Binding Value Set","Code","Slicing Discriminator","Slicing Description","Slicing Ordered","Slicing Rules","Base Path","Base Min","Base Max","Condition(s)","Constraint(s)"
"Extension","Extension","","","",0,*,"","","","null {[]} {[]}
","R5: Triggering observation(s) (new)","R5: `Observation.triggeredBy` (new:BackboneElement)","Element `Observation.triggeredBy` has a context of Observation based on following the parent source element upwards and mapping to `Observation`.
Element `Observation.triggeredBy` has no mapping targets in FHIR R4. Typically, this is because the element has been added (is a new element).","","","","","","","","",,,,,"",,,,"Extension",0,*,"ele-1
","ele-1:All FHIR elements must have a @value or children {hasValue() or (children().count() > id.count())}
ext-1:Must have either extensions or value[x], not both {extension.exists() != value.exists()}"
"Extension.id","Extension.id","","","",0,1,"","","","string {[]} {[]}
","Unique id for inter-element referencing","Unique id for the element within a resource (for internal references). This may be any string value that does not contain spaces.","","","","","","","","","",,,,,"",,,,"Element.id",0,1,"",""
"Extension.extension","Extension.extension","","","",2,*,"","","","Extension {[]} {[]}
","Extension","An Extension","","","","","","","","","",,,,,"","value:url}
","Extensions are always sliced by (at least) url",,"open","Element.extension",0,*,"","ele-1:All FHIR elements must have a @value or children {hasValue() or (children().count() > id.count())}
ext-1:Must have either extensions or value[x], not both {extension.exists() != value.exists()}"
"Extension.extension:observation","Extension.extension","observation","","",1,1,"","","","Extension {[]} {[]}
","R5: Triggering observation (new)","R5: `Observation.triggeredBy.observation` (new:Reference(Observation))","Element `Observation.triggeredBy.observation` is part of an existing definition because parent element `Observation.triggeredBy` requires a cross-version extension.
Element `Observation.triggeredBy.observation` has a context of Observation based on following the parent source element upwards and mapping to `Observation`.
Element `Observation.triggeredBy.observation` has no mapping targets in FHIR R4. Typically, this is because the element has been added (is a new element).","Element `Observation.triggeredBy.observation` is part of an existing definition because parent element `Observation.triggeredBy` requires a cross-version extension.
Element `Observation.triggeredBy.observation` has a context of Observation based on following the parent source element upwards and mapping to `Observation`.
Element `Observation.triggeredBy.observation` has no mapping targets in FHIR R4. Typically, this is because the element has been added (is a new element).","","","","","","","",,,,,"",,,,"Element.extension",0,*,"","ele-1:All FHIR elements must have a @value or children {hasValue() or (children().count() > id.count())}
ext-1:Must have either extensions or value[x], not both {extension.exists() != value.exists()}"
"Extension.extension:observation.id","Extension.extension.id","","","",0,1,"","","","string {[]} {[]}
","Unique id for inter-element referencing","Unique id for the element within a resource (for internal references). This may be any string value that does not contain spaces.","","","","","","","","","",,,,,"",,,,"Element.id",0,1,"",""
"Extension.extension:observation.extension","Extension.extension.extension","","","",0,0,"","","","Extension {[]} {[]}
","Extension","An Extension","","","","","","","","","",,,,,"","value:url}
","Extensions are always sliced by (at least) url",,"open","Element.extension",0,*,"","ele-1:All FHIR elements must have a @value or children {hasValue() or (children().count() > id.count())}
ext-1:Must have either extensions or value[x], not both {extension.exists() != value.exists()}"
"Extension.extension:observation.url","Extension.extension.url","","","",1,1,"","","","uri {[]} {[]}
","identifies the meaning of the extension","Source of the definition for the extension code - a logical name or a URL.","The definition may point directly to a computable or human-readable definition of the extensibility codes, or it may be a logical URI as declared in some other specification. The definition SHALL be a URI for the Structure Definition defining the extension.","","","","<valueUri xmlns=""http://hl7.org/fhir"" value=""observation""/>","","","","",,,,,"",,,,"Extension.url",1,1,"",""
"Extension.extension:observation.value[x]","Extension.extension.value[x]","","","",1,1,"","","","Reference {[]} {[CanonicalType[http://hl7.org/fhir/StructureDefinition/Observation]]}
","Triggering observation","Reference to the triggering observation.","","","","","","","","","",,,,,"",,,,"Extension.value[x]",0,1,"","ele-1:All FHIR elements must have a @value or children {hasValue() or (children().count() > id.count())}
"
"Extension.extension:type","Extension.extension","type","","",1,1,"","","","Extension {[]} {[]}
","R5: reflex | repeat | re-run (new)","R5: `Observation.triggeredBy.type` (new:code)","Element `Observation.triggeredBy.type` is part of an existing definition because parent element `Observation.triggeredBy` requires a cross-version extension.
Element `Observation.triggeredBy.type` has a context of Observation based on following the parent source element upwards and mapping to `Observation`.
Element `Observation.triggeredBy.type` has no mapping targets in FHIR R4. Typically, this is because the element has been added (is a new element).","Element `Observation.triggeredBy.type` is part of an existing definition because parent element `Observation.triggeredBy` requires a cross-version extension.
Element `Observation.triggeredBy.type` has a context of Observation based on following the parent source element upwards and mapping to `Observation`.
Element `Observation.triggeredBy.type` has no mapping targets in FHIR R4. Typically, this is because the element has been added (is a new element).","","","","","","","",,,,,"",,,,"Element.extension",0,*,"","ele-1:All FHIR elements must have a @value or children {hasValue() or (children().count() > id.count())}
ext-1:Must have either extensions or value[x], not both {extension.exists() != value.exists()}"
"Extension.extension:type.id","Extension.extension.id","","","",0,1,"","","","string {[]} {[]}
","Unique id for inter-element referencing","Unique id for the element within a resource (for internal references). This may be any string value that does not contain spaces.","","","","","","","","","",,,,,"",,,,"Element.id",0,1,"",""
"Extension.extension:type.extension","Extension.extension.extension","","","",0,0,"","","","Extension {[]} {[]}
","Extension","An Extension","","","","","","","","","",,,,,"","value:url}
","Extensions are always sliced by (at least) url",,"open","Element.extension",0,*,"","ele-1:All FHIR elements must have a @value or children {hasValue() or (children().count() > id.count())}
ext-1:Must have either extensions or value[x], not both {extension.exists() != value.exists()}"
"Extension.extension:type.url","Extension.extension.url","","","",1,1,"","","","uri {[]} {[]}
","identifies the meaning of the extension","Source of the definition for the extension code - a logical name or a URL.","The definition may point directly to a computable or human-readable definition of the extensibility codes, or it may be a logical URI as declared in some other specification. The definition SHALL be a URI for the Structure Definition defining the extension.","","","","<valueUri xmlns=""http://hl7.org/fhir"" value=""type""/>","","","","",,,,,"",,,,"Extension.url",1,1,"",""
"Extension.extension:type.value[x]","Extension.extension.value[x]","","","",1,1,"","","","code {[]} {[]}
","reflex | repeat | re-run","The type of trigger.
Reflex | Repeat | Re-run.","","","","","","","","","",,"required","The type of TriggeredBy Observation.","http://hl7.org/fhir/uv/xver/ValueSet/R5-observation-triggeredbytype-for-R4|0.1.0","",,,,"Extension.value[x]",0,1,"","ele-1:All FHIR elements must have a @value or children {hasValue() or (children().count() > id.count())}
"
"Extension.extension:reason","Extension.extension","reason","","",0,1,"","","","Extension {[]} {[]}
","R5: Reason that the observation was triggered (new)","R5: `Observation.triggeredBy.reason` (new:string)","Element `Observation.triggeredBy.reason` is part of an existing definition because parent element `Observation.triggeredBy` requires a cross-version extension.
Element `Observation.triggeredBy.reason` has a context of Observation based on following the parent source element upwards and mapping to `Observation`.
Element `Observation.triggeredBy.reason` has no mapping targets in FHIR R4. Typically, this is because the element has been added (is a new element).","Element `Observation.triggeredBy.reason` is part of an existing definition because parent element `Observation.triggeredBy` requires a cross-version extension.
Element `Observation.triggeredBy.reason` has a context of Observation based on following the parent source element upwards and mapping to `Observation`.
Element `Observation.triggeredBy.reason` has no mapping targets in FHIR R4. Typically, this is because the element has been added (is a new element).","","","","","","","",,,,,"",,,,"Element.extension",0,*,"","ele-1:All FHIR elements must have a @value or children {hasValue() or (children().count() > id.count())}
ext-1:Must have either extensions or value[x], not both {extension.exists() != value.exists()}"
"Extension.extension:reason.id","Extension.extension.id","","","",0,1,"","","","string {[]} {[]}
","Unique id for inter-element referencing","Unique id for the element within a resource (for internal references). This may be any string value that does not contain spaces.","","","","","","","","","",,,,,"",,,,"Element.id",0,1,"",""
"Extension.extension:reason.extension","Extension.extension.extension","","","",0,0,"","","","Extension {[]} {[]}
","Extension","An Extension","","","","","","","","","",,,,,"","value:url}
","Extensions are always sliced by (at least) url",,"open","Element.extension",0,*,"","ele-1:All FHIR elements must have a @value or children {hasValue() or (children().count() > id.count())}
ext-1:Must have either extensions or value[x], not both {extension.exists() != value.exists()}"
"Extension.extension:reason.url","Extension.extension.url","","","",1,1,"","","","uri {[]} {[]}
","identifies the meaning of the extension","Source of the definition for the extension code - a logical name or a URL.","The definition may point directly to a computable or human-readable definition of the extensibility codes, or it may be a logical URI as declared in some other specification. The definition SHALL be a URI for the Structure Definition defining the extension.","","","","<valueUri xmlns=""http://hl7.org/fhir"" value=""reason""/>","","","","",,,,,"",,,,"Extension.url",1,1,"",""
"Extension.extension:reason.value[x]","Extension.extension.value[x]","","","",0,1,"","","","string {[]} {[]}
","Reason that the observation was triggered","Provides the reason why this observation was performed as a result of the observation(s) referenced.","","","","","","","","","",,,,,"",,,,"Extension.value[x]",0,1,"","ele-1:All FHIR elements must have a @value or children {hasValue() or (children().count() > id.count())}
"
"Extension.url","Extension.url","","","",1,1,"","","","uri {[]} {[]}
","identifies the meaning of the extension","Source of the definition for the extension code - a logical name or a URL.","The definition may point directly to a computable or human-readable definition of the extensibility codes, or it may be a logical URI as declared in some other specification. The definition SHALL be a URI for the Structure Definition defining the extension.","","","","<valueUri xmlns=""http://hl7.org/fhir"" value=""http://hl7.org/fhir/5.0/StructureDefinition/extension-Observation.triggeredBy""/>","","","","",,,,,"",,,,"Extension.url",1,1,"",""
"Extension.value[x]","Extension.value[x]","","","",0,0,"","","","base64Binary {[]} {[]}
boolean {[]} {[]}canonical {[]} {[]}code {[]} {[]}date {[]} {[]}dateTime {[]} {[]}decimal {[]} {[]}id {[]} {[]}instant {[]} {[]}integer {[]} {[]}markdown {[]} {[]}oid {[]} {[]}positiveInt {[]} {[]}string {[]} {[]}time {[]} {[]}unsignedInt {[]} {[]}uri {[]} {[]}url {[]} {[]}uuid {[]} {[]}Address {[]} {[]}Age {[]} {[]}Annotation {[]} {[]}Attachment {[]} {[]}CodeableConcept {[]} {[]}Coding {[]} {[]}ContactPoint {[]} {[]}Count {[]} {[]}Distance {[]} {[]}Duration {[]} {[]}HumanName {[]} {[]}Identifier {[]} {[]}Money {[]} {[]}Period {[]} {[]}Quantity {[]} {[]}Range {[]} {[]}Ratio {[]} {[]}Reference {[]} {[]}SampledData {[]} {[]}Signature {[]} {[]}Timing {[]} {[]}ContactDetail {[]} {[]}Contributor {[]} {[]}DataRequirement {[]} {[]}Expression {[]} {[]}ParameterDefinition {[]} {[]}RelatedArtifact {[]} {[]}TriggerDefinition {[]} {[]}UsageContext {[]} {[]}Dosage {[]} {[]}Meta {[]} {[]}","Value of extension","Value of extension - must be one of a constrained set of the data types (see [Extensibility](http://hl7.org/fhir/R4/extensibility.html) for a list).","","","","","","","","","",,,,,"",,,,"Extension.value[x]",0,1,"","ele-1:All FHIR elements must have a @value or children {hasValue() or (children().count() > id.count())}
"
