Source File	Size	loadResources	load	generateSnapshots	load-configure	scan	loadDepInfo	loadInfo	checkR4R4B	generateNarratives	validate	loadLists	checkConformanceResources	checkConformanceResources2	checkConformanceResources3	generateLogicalMaps	validateExpressions	scanForUsageStats	checkURLsUnique	processProvenanceDetails	translate	generate1	generate2	generateLogicals	makeDependencies	generateExampleZip	generateValidationPack	scanProfilesForR5	scanExamplesForR5
/fsh-generated/resources/ImplementationGuide-kerndatensatzmodul-mikrobiologie.json	47805	-	0	0	0	0	0	0	21	101	0	0	0	0	0	0	0	1	0	0	33	326	578	0	0	0	8	0	7
fsh-generated/resources/CapabilityStatement-mii-cps-mikrobio-metadata.json	12157	8	0	0	2	0	0	0	1	49	0	0	0	0	0	0	0	0	0	0	10	93	116	0	0	0	2	0	0
fsh-generated/resources/CodeSystem-mii-cs-mikrobio-mrgn-ergebnis.json	1327	2	0	0	0	0	0	0	1	11	0	0	0	0	0	0	0	1	0	0	7	14	102	0	0	0	0	0	0
fsh-generated/resources/CodeSystem-mii-cs-mikrobio-resistenzkategorie.json	2226	2	0	0	0	0	0	0	0	6	0	0	1	0	0	0	0	0	0	0	6	18	83	0	0	0	1	0	0
fsh-generated/resources/CodeSystem-mii-cs-mikrobio-susceptibility-norm.json	1005	1	0	0	0	0	0	0	0	3	0	0	0	0	0	0	0	0	0	0	8	12	75	0	0	0	0	0	0
fsh-generated/resources/DiagnosticReport-mii-exa-mikrobio-diagnostic-report.json	2161	4	0	0	0	0	0	0	0	920	0	0	0	0	0	0	0	0	0	0	17	18	34	0	0	0	0	0	0
fsh-generated/resources/Observation-mii-exa-mikrobio-allgemeine-bestimmung.json	2379	3	0	0	0	0	0	0	1	78	0	0	0	0	0	0	0	0	0	0	8	18	36	0	0	0	0	0	0
fsh-generated/resources/Observation-mii-exa-mikrobio-allgemeine-kultur.json	1961	2	0	0	0	0	0	0	0	7	0	0	0	0	0	0	0	0	0	0	8	15	24	1	0	0	0	0	0
fsh-generated/resources/Observation-mii-exa-mikrobio-antigen-antikoerper-quantitativ.json	1964	2	0	0	0	0	0	0	0	189	0	0	0	0	0	0	0	0	0	0	7	15	23	0	0	0	0	0	1
fsh-generated/resources/Observation-mii-exa-mikrobio-aviditaet.json	2132	2	0	0	0	0	0	0	1	94	0	0	0	0	0	0	0	0	0	0	8	16	24	0	0	0	0	0	0
fsh-generated/resources/Observation-mii-exa-mikrobio-barlett-score.json	1960	3	0	0	0	0	0	0	0	4	0	0	0	0	0	0	0	0	0	0	7	15	21	0	0	0	0	0	0
fsh-generated/resources/Observation-mii-exa-mikrobio-ct-wert.json	2053	2	0	0	0	0	0	0	0	95	0	0	0	0	0	0	0	0	0	0	6	16	25	0	0	0	0	0	0
fsh-generated/resources/Observation-mii-exa-mikrobio-empfindlichkeit.json	2458	2	0	0	0	0	0	0	0	92	0	0	0	0	0	0	0	0	0	0	6	15	24	0	0	0	0	0	0
fsh-generated/resources/Observation-mii-exa-mikrobio-keimzahl.json	1892	3	0	0	0	0	0	0	1	91	0	0	0	0	0	0	0	0	0	0	5	15	18	0	0	0	0	0	0
fsh-generated/resources/Observation-mii-exa-mikrobio-mikroskopie.json	1981	2	0	0	0	0	0	0	0	4	0	0	0	0	0	0	0	0	0	0	6	14	19	0	0	0	0	0	0
fsh-generated/resources/Observation-mii-exa-mikrobio-molekulare-pathogenlast.json	1998	2	0	0	0	0	0	0	0	91	0	0	0	0	0	0	0	0	0	0	6	16	21	0	0	0	0	0	0
fsh-generated/resources/Observation-mii-exa-mikrobio-mrgn-klasse-negativ.json	1998	2	0	0	0	0	0	0	0	4	0	0	0	0	0	0	0	0	0	0	4	15	21	0	0	0	0	0	0
fsh-generated/resources/Observation-mii-exa-mikrobio-mrgn-klasse.json	1788	2	0	0	0	0	0	0	1	3	0	0	0	0	0	0	0	0	0	0	4	15	18	0	0	0	0	0	0
fsh-generated/resources/Observation-mii-exa-mikrobio-nugent-score.json	1902	2	0	0	0	0	0	0	0	5	0	0	0	0	0	0	0	0	0	0	2	14	20	0	0	0	0	0	0
fsh-generated/resources/Observation-mii-exa-mikrobio-resistenzkategorie-vre-negativ.json	2064	2	0	0	0	0	0	0	0	5	0	0	0	0	0	0	0	0	0	0	3	16	24	0	0	0	0	0	0
fsh-generated/resources/Observation-mii-exa-mikrobio-resistenzkategorie-vre-positiv.json	2079	2	0	0	0	0	0	0	1	3	0	0	0	0	0	0	0	0	0	0	3	15	25	0	0	0	0	0	0
fsh-generated/resources/Observation-mii-exa-mikrobio-resistenzmechanismen-determinanten.json	2038	3	0	0	0	0	0	0	0	5	0	0	0	0	0	0	0	0	0	0	3	14	22	0	0	0	0	0	0
fsh-generated/resources/Observation-mii-exa-mikrobio-spezifische-bestimmung-vre-negativ.json	2067	2	0	0	0	0	0	0	0	4	0	0	0	0	0	0	0	0	0	0	5	15	18	0	0	0	0	0	0
fsh-generated/resources/Observation-mii-exa-mikrobio-spezifische-bestimmung.json	2033	2	0	0	0	0	0	0	0	5	0	0	0	0	0	0	0	0	0	0	10	15	21	0	0	0	0	0	0
fsh-generated/resources/Observation-mii-exa-mikrobio-spezifische-kultur-vre-negativ.json	2058	2	0	0	0	0	0	0	1	3	0	0	0	0	0	0	0	1	0	0	10	16	19	0	0	0	0	0	0
fsh-generated/resources/Observation-mii-exa-mikrobio-spezifische-kultur.json	1986	1	0	0	0	0	0	0	0	4	0	0	0	0	0	0	0	0	0	0	9	15	21	0	0	0	0	0	0
fsh-generated/resources/Observation-mii-exa-mikrobio-titer.json	1856	2	0	0	1	0	0	0	0	5	0	0	0	0	0	0	0	0	0	0	9	10	24	0	0	0	0	0	0
fsh-generated/resources/Observation-mii-exa-mikrobio-virulenzfaktor.json	1831	1	0	0	0	0	0	0	0	4	0	0	0	0	0	0	0	0	0	0	9	11	19	0	0	0	0	0	0
fsh-generated/resources/Observation-mii-exa-mikrobio-voraussichtliche-empfindlichkeit.json	1856	2	0	0	0	0	0	0	1	4	0	0	0	0	0	0	0	0	0	0	9	12	18	0	0	0	0	0	0
fsh-generated/resources/Observation-mii-exa-mikrobio-workflow-vre-01-kultur.json	2025	1	0	0	0	0	0	0	0	5	0	0	0	0	0	0	0	0	0	0	9	11	20	0	0	0	0	0	0
fsh-generated/resources/Observation-mii-exa-mikrobio-workflow-vre-02-identifikation.json	2477	1	0	0	0	0	0	0	0	4	0	0	0	0	0	0	0	0	0	0	9	12	24	0	0	0	0	0	0
fsh-generated/resources/Observation-mii-exa-mikrobio-workflow-vre-03-empfindlichkeit.json	2931	1	0	0	0	0	0	0	1	5	0	0	0	0	0	0	0	0	0	0	9	14	27	0	0	0	0	0	0
fsh-generated/resources/SearchParameter-ObservationInterpretation.json	505	1	0	0	0	0	0	0	0	5	0	0	0	0	0	0	0	0	0	0	7	9	14	0	0	0	0	0	0
fsh-generated/resources/SearchParameter-mii-sp-mikrobio-interpretation.json	945	2	0	0	0	0	0	0	0	3	0	0	0	0	0	0	0	0	0	0	7	9	13	0	0	0	1	0	0
fsh-generated/resources/SearchParameter-mii-sp-mikrobio-observation-titer.json	949	1	0	0	0	0	0	0	0	3	0	0	0	0	0	0	0	0	0	0	7	10	13	0	0	0	0	0	0
fsh-generated/resources/SearchParameter-mii-sp-mikrobio-observation-triggered-by.json	899	1	0	0	0	0	0	0	0	3	0	0	0	0	0	0	0	0	0	0	6	8	13	0	0	0	0	0	0
fsh-generated/resources/StructureDefinition-ext-R5-Observation.triggeredBy.json	8989	5	0	29	0	0	0	0	1	496	0	0	0	0	0	0	0	0	0	0	2	180	927	0	0	0	3	1	1
fsh-generated/resources/StructureDefinition-mii-ex-mikrobio-empfindlichkeit-norm.json	1837	2	0	18	0	0	0	0	0	8	0	0	1	0	0	0	0	0	0	0	0	57	309	0	0	0	1	0	0
fsh-generated/resources/StructureDefinition-mii-lm-mikrobio-logical-model.json	6497	3	0	25	0	0	0	0	0	14	0	0	0	0	0	0	0	1	0	0	1	107	372	0	0	0	2	0	0
fsh-generated/resources/StructureDefinition-mii-lm-mikrobio-untersuchung.json	7511	3	0	21	0	0	0	0	0	26	0	0	0	0	0	0	0	0	0	0	1	130	471	0	0	0	3	0	0
fsh-generated/resources/StructureDefinition-mii-lm-mikrobio-untersuchungsarten.json	40925	11	0	132	0	0	0	0	0	147	0	0	1	0	0	0	0	2	0	0	4	828	1630	0	0	0	14	0	2
fsh-generated/resources/StructureDefinition-mii-pr-mikrobio-allgemeine-bestimmung.json	6146	3	0	238	0	0	0	0	0	92	0	0	1	0	0	0	0	4	0	0	1	727	4308	0	0	0	20	0	4
fsh-generated/resources/StructureDefinition-mii-pr-mikrobio-allgemeine-kultur.json	6091	2	0	284	0	0	0	0	0	74	0	0	0	0	0	0	0	3	0	0	0	715	2239	0	1	0	21	1	4
fsh-generated/resources/StructureDefinition-mii-pr-mikrobio-antigen-antikoerper-quantitativ.json	6164	2	0	175	1	0	0	0	0	95	0	0	1	0	0	0	0	4	0	0	1	714	3940	0	0	0	19	0	4
fsh-generated/resources/StructureDefinition-mii-pr-mikrobio-aviditaet.json	6314	2	0	166	0	0	0	0	0	88	0	0	1	0	0	0	0	4	0	0	1	764	1481	0	0	0	18	0	2
fsh-generated/resources/StructureDefinition-mii-pr-mikrobio-barlett-score.json	5920	2	0	182	0	0	0	0	0	82	0	0	0	0	0	0	0	3	0	0	0	727	1970	0	0	0	19	1	3
fsh-generated/resources/StructureDefinition-mii-pr-mikrobio-ct-wert.json	6073	2	0	175	0	0	0	0	0	80	0	0	1	0	0	0	0	4	0	0	1	721	1418	0	0	0	19	0	2
fsh-generated/resources/StructureDefinition-mii-pr-mikrobio-diagnostic-report.json	7306	2	0	125	0	0	0	0	0	58	0	0	0	0	0	0	0	2	0	0	0	510	853	0	0	0	12	0	2
fsh-generated/resources/StructureDefinition-mii-pr-mikrobio-empfindlichkeit.json	7362	3	0	238	0	0	0	0	0	71	0	0	1	0	0	0	0	4	0	0	1	732	1529	0	0	0	19	0	3
fsh-generated/resources/StructureDefinition-mii-pr-mikrobio-keimzahl.json	6340	3	0	164	0	0	0	0	0	75	0	0	1	0	0	0	0	4	0	0	0	727	1355	0	0	0	19	1	2
fsh-generated/resources/StructureDefinition-mii-pr-mikrobio-mikroskopie.json	6043	3	0	159	0	0	0	0	0	84	0	0	0	0	0	0	0	3	0	0	1	713	1376	0	0	0	18	0	3
fsh-generated/resources/StructureDefinition-mii-pr-mikrobio-molekulare-pathogenlast.json	6281	3	0	160	0	0	0	0	0	71	0	0	1	0	0	0	0	4	0	0	0	768	2425	0	0	0	18	0	2
fsh-generated/resources/StructureDefinition-mii-pr-mikrobio-mrgn-klasse.json	5893	3	0	230	0	0	0	0	0	69	0	0	0	0	0	0	0	4	0	0	1	708	1199	0	0	0	18	1	3
fsh-generated/resources/StructureDefinition-mii-pr-mikrobio-nugent-score.json	6409	3	0	161	0	0	0	0	0	108	0	0	1	0	0	0	0	4	0	0	1	733	1117	0	0	0	19	0	2
fsh-generated/resources/StructureDefinition-mii-pr-mikrobio-resistenzkategorie-status.json	7542	4	0	167	0	0	0	0	1	68	0	0	0	0	0	0	0	3	0	0	1	705	1097	0	0	0	18	0	3
fsh-generated/resources/StructureDefinition-mii-pr-mikrobio-resistenzmechanismen-determinanten.json	6204	2	0	160	0	0	0	0	0	63	0	0	1	0	0	0	0	4	0	0	0	702	1471	0	0	0	19	1	2
fsh-generated/resources/StructureDefinition-mii-pr-mikrobio-spezifische-bestimmung.json	6617	2	0	162	0	0	0	0	0	62	0	0	0	0	0	0	0	3	0	0	1	707	5545	0	0	0	17	0	3
fsh-generated/resources/StructureDefinition-mii-pr-mikrobio-spezifische-kultur.json	6672	3	0	200	0	0	0	0	0	58	0	0	1	0	0	0	0	3	0	0	1	787	1607	0	0	0	18	0	2
fsh-generated/resources/StructureDefinition-mii-pr-mikrobio-titer.json	6284	2	0	186	0	0	0	0	0	161	0	0	0	0	0	0	0	2	0	0	0	754	1454	0	0	0	18	0	3
fsh-generated/resources/StructureDefinition-mii-pr-mikrobio-virulenzfaktor.json	5671	3	0	179	0	0	0	0	0	62	0	0	1	0	0	0	0	3	0	0	1	697	1093	0	0	0	17	1	3
fsh-generated/resources/StructureDefinition-mii-pr-mikrobio-voraussichtliche-empfindlichkeit.json	5837	2	0	162	0	0	0	0	0	70	0	0	1	0	0	0	0	2	0	0	0	730	1150	0	0	0	18	0	2
fsh-generated/resources/ValueSet-mii-vs-labor-laborergebnis-semiquantitativ.json	1913	1	0	0	0	0	0	0	0	678	0	0	0	0	0	0	0	0	0	0	10	13	116	0	0	0	1	0	0
fsh-generated/resources/ValueSet-mii-vs-mikrobio-allgemeine-bestimmung-ergebnis-snomed.json	1261	2	0	0	1	0	0	0	0	140	0	0	0	0	0	0	0	0	0	0	59	9	93	0	0	0	0	0	0
fsh-generated/resources/ValueSet-mii-vs-mikrobio-allgemeine-bestimmung-methode-snomed.json	1116	1	0	0	0	0	0	0	0	80	0	0	0	0	0	0	0	0	0	0	9	9	84	0	0	0	0	0	0
fsh-generated/resources/ValueSet-mii-vs-mikrobio-allgemeine-kultur-methode-snomed.json	1041	1	0	0	0	0	0	0	1	77	0	0	0	0	0	0	0	0	0	0	7	8	93	0	0	0	0	0	0
fsh-generated/resources/ValueSet-mii-vs-mikrobio-antigen-antikoerper-methode-snomed.json	1166	1	0	0	0	0	0	0	0	78	0	0	0	0	0	0	0	0	0	0	5	9	88	0	0	0	0	0	0
fsh-generated/resources/ValueSet-mii-vs-mikrobio-antigen-antikoerper-quantitativ-einheiten-ucum.json	1281	1	0	0	0	0	0	0	0	120	0	0	0	0	0	0	0	0	0	0	5	8	90	0	0	0	1	0	0
fsh-generated/resources/ValueSet-mii-vs-mikrobio-antigen-antikoerper-quantitative-tests-loinc.json	5641	3	0	0	0	0	0	0	1	506	0	0	0	0	0	0	0	0	0	0	6	20	256	0	0	0	0	0	0
fsh-generated/resources/ValueSet-mii-vs-mikrobio-aviditaet-ergebnis.json	1018	1	0	0	0	0	0	0	0	6	0	0	0	0	0	0	0	0	0	0	5	13	82	0	0	0	0	0	0
fsh-generated/resources/ValueSet-mii-vs-mikrobio-aviditaet-tests-loinc.json	1304	1	0	0	0	0	0	0	0	115	0	0	0	0	0	0	0	0	0	0	4	9	72	0	0	0	0	0	0
fsh-generated/resources/ValueSet-mii-vs-mikrobio-barlett-score-loinc.json	1516	1	0	0	0	0	0	0	1	77	0	0	0	0	0	0	0	0	0	0	4	10	72	0	0	0	1	0	0
fsh-generated/resources/ValueSet-mii-vs-mikrobio-befundtyp-loinc.json	1569	2	0	0	0	0	0	0	0	76	0	0	0	0	0	0	0	0	0	0	3	9	164	0	0	0	0	0	0
fsh-generated/resources/ValueSet-mii-vs-mikrobio-ct-wert-loinc.json	1045	1	0	0	0	0	0	0	0	41	0	0	0	0	0	0	0	0	0	0	4	7	112	0	0	0	0	0	0
fsh-generated/resources/ValueSet-mii-vs-mikrobio-data-absent-reason.json	1120	1	0	0	0	0	0	0	0	76	0	0	0	0	0	0	0	0	0	0	3	8	76	0	0	0	0	0	0
fsh-generated/resources/ValueSet-mii-vs-mikrobio-detected-not-detected-snomed.json	993	1	0	0	0	0	0	0	0	76	0	0	0	0	0	0	0	0	0	0	3	8	68	0	0	0	0	0	0
fsh-generated/resources/ValueSet-mii-vs-mikrobio-empfindlichkeit-einheiten-ucum.json	1079	2	0	0	0	0	0	0	0	75	0	0	0	0	0	0	0	0	0	0	4	8	69	0	0	0	0	0	0
fsh-generated/resources/ValueSet-mii-vs-mikrobio-empfindlichkeit-genotyp-loinc.json	1150	1	0	0	0	0	0	0	1	118	0	0	0	0	0	0	0	0	0	0	6	7	86	0	0	0	1	0	0
fsh-generated/resources/ValueSet-mii-vs-mikrobio-empfindlichkeit-phenotyp-loinc.json	1145	1	0	0	0	0	0	0	0	3	0	0	0	0	0	0	0	0	0	0	7	8	259	0	0	0	0	0	0
fsh-generated/resources/ValueSet-mii-vs-mikrobio-keimzahl-einheiten-ucum.json	1050	1	0	0	0	0	0	0	0	75	0	0	0	0	0	0	0	0	0	0	7	7	75	0	0	0	0	0	0
fsh-generated/resources/ValueSet-mii-vs-mikrobio-keimzahl-loinc.json	1233	1	0	0	0	0	0	0	0	77	0	0	0	0	0	0	0	0	0	0	5	9	67	0	0	0	0	0	0
fsh-generated/resources/ValueSet-mii-vs-mikrobio-kultur-ergebnis-snomed.json	1180	1	0	0	0	0	0	0	0	76	0	0	0	0	0	0	0	0	0	0	4	8	73	0	1	0	0	0	0
fsh-generated/resources/ValueSet-mii-vs-mikrobio-molekulare-diagnostik-einheiten-ucum.json	1150	2	0	0	0	0	0	0	1	76	0	0	0	0	0	0	0	0	0	0	4	8	66	0	0	0	0	0	1
fsh-generated/resources/ValueSet-mii-vs-mikrobio-molekulare-pathogenlast-methode-snomed.json	1202	1	0	0	0	0	0	0	0	75	0	0	0	0	0	0	0	0	0	0	4	9	71	0	0	0	1	0	0
fsh-generated/resources/ValueSet-mii-vs-mikrobio-molekulare-pathogenlast-tests-loinc.json	3428	1	0	0	0	0	0	0	0	195	0	0	0	0	0	0	0	0	0	0	5	14	168	0	0	0	0	0	0
fsh-generated/resources/ValueSet-mii-vs-mikrobio-morphologie-ergebnis-snomed.json	2730	2	0	0	0	0	0	0	1	82	0	0	0	0	0	0	0	0	0	0	7	15	75	0	0	0	0	0	0
fsh-generated/resources/ValueSet-mii-vs-mikrobio-morphologie-methode-snomed.json	1088	1	0	0	0	0	0	0	0	114	0	0	0	0	0	0	0	0	0	0	9	8	74	0	0	0	0	0	0
fsh-generated/resources/ValueSet-mii-vs-mikrobio-mrgn-klasse-loinc.json	1302	1	0	0	0	0	0	0	0	78	0	0	0	0	0	0	0	0	0	0	8	11	69	0	0	0	1	0	0
fsh-generated/resources/ValueSet-mii-vs-mikrobio-organismen-snomedct.json	1929	2	0	0	0	0	0	0	0	228	0	0	0	0	0	0	0	0	0	0	8	12	229	0	0	0	0	0	0
fsh-generated/resources/ValueSet-mii-vs-mikrobio-resistenzkategorie-status-ergebnis.json	1116	1	0	0	0	0	0	0	0	75	0	0	0	0	0	0	0	0	0	0	8	8	55	0	0	0	0	0	0
fsh-generated/resources/ValueSet-mii-vs-mikrobio-resistenzkategorie-status.json	950	1	0	0	0	0	1	0	1	2	0	0	0	0	0	0	0	0	0	0	9	7	54	0	0	0	0	0	0
fsh-generated/resources/ValueSet-mii-vs-mikrobio-resistenzmechanismen-determinanten-loinc.json	1448	1	0	0	0	0	0	0	0	115	0	0	0	0	0	0	0	0	0	0	9	10	65	0	0	0	0	0	0
fsh-generated/resources/ValueSet-mii-vs-mikrobio-resistenzmechanismen-methode-snomed.json	1780	2	0	0	0	0	0	0	0	77	0	0	0	0	0	0	0	0	0	0	8	11	55	0	0	0	1	0	0
fsh-generated/resources/ValueSet-mii-vs-mikrobio-spezifische-bestimmung-ergebnis-snomed.json	1050	1	0	0	0	0	0	0	0	2	0	0	0	0	0	0	0	0	0	0	9	6	50	0	0	0	0	0	0
fsh-generated/resources/ValueSet-mii-vs-mikrobio-spezifische-bestimmung-methode-snomed.json	1910	1	0	0	0	0	0	0	0	78	0	0	0	0	0	0	0	0	0	0	8	12	56	0	0	0	0	0	0
fsh-generated/resources/ValueSet-mii-vs-mikrobio-spezifische-bestimmung-tests-loinc.json	10985	3	0	0	0	0	0	0	2	162	0	0	0	0	0	0	0	1	0	0	9	36	200	0	0	0	1	0	0
fsh-generated/resources/ValueSet-mii-vs-mikrobio-spezifische-kultur-methode-snomed.json	1072	1	0	0	0	0	0	0	0	75	0	0	0	0	0	0	0	0	0	0	9	7	63	0	0	0	0	0	0
fsh-generated/resources/ValueSet-mii-vs-mikrobio-spezifische-kultur-tests-loinc.json	1937	1	0	0	0	0	0	0	1	43	0	0	0	0	0	0	0	0	0	0	9	10	151	0	0	0	0	0	0
fsh-generated/resources/ValueSet-mii-vs-mikrobio-susceptibility-norm.json	788	1	0	0	0	0	0	0	0	1	0	0	0	0	0	0	0	0	0	0	9	7	57	0	0	0	0	0	0
fsh-generated/resources/ValueSet-mii-vs-mikrobio-susceptibility.json	1482	1	0	0	0	0	0	0	0	78	0	0	0	0	0	0	0	0	0	0	8	23	69	0	0	0	1	0	0
fsh-generated/resources/ValueSet-mii-vs-mikrobio-titer-methode-snomed.json	1108	2	0	0	0	0	0	0	0	75	0	0	0	0	0	0	0	0	0	0	9	9	62	0	0	0	0	0	0
fsh-generated/resources/ValueSet-mii-vs-mikrobio-titer-tests-loinc.json	1059	1	0	0	0	0	0	0	0	40	0	0	0	0	0	0	0	0	0	0	8	7	139	0	0	0	0	0	0
fsh-generated/resources/ValueSet-mii-vs-mikrobio-virulenz-loinc.json	10637	2	0	0	0	0	0	0	1	82	0	0	0	0	0	0	0	0	0	0	10	45	67	0	0	0	2	0	0
fsh-generated/resources/ValueSet-mii-vs-mikrobio-voraussichtliche-empfindlichkeit.json	1121	1	0	0	1	0	0	0	1	3	0	0	0	0	0	0	0	0	0	0	9	16	56	0	0	0	0	0	0
input/resources/Parameters-expansion-manifest.json	360	1	0	0	0	0	0	0	2	0	0	0	0	0	0	0	0	0	0	0	9	45	43	0	0	0	0	0	0
/input/includes/menu.xml	6380	-	-	-	0	0	0	0	0	0	0	0	0	0	0	0	0	0	0	0	0	0	1	0	0	0	0	0	0
/fsh-generated/includes/fsh-link-references.md	10224	-	-	-	0	0	0	0	0	0	0	0	0	0	0	0	0	0	0	0	0	0	1	0	0	0	0	0	0
/input/intro-notes/StructureDefinition-mii-pr-mikrobio-allgemeine-kultur-intro.md	828	-	-	-	0	0	0	0	0	0	0	0	0	0	0	0	0	0	0	0	0	0	0	0	0	0	0	0	0
/input/intro-notes/StructureDefinition-mii-pr-mikrobio-diagnostic-report-intro.md	2113	-	-	-	0	0	0	0	0	0	0	0	0	0	0	0	0	0	0	0	0	0	0	0	0	0	0	0	0
/input/intro-notes/StructureDefinition-mii-pr-mikrobio-ct-wert-intro.md	727	-	-	-	0	0	0	0	0	0	0	0	0	0	0	0	0	0	0	0	0	0	0	0	0	0	0	0	0
/input/intro-notes/StructureDefinition-mii-pr-mikrobio-allgemeine-bestimmung-intro.md	1722	-	-	-	0	0	0	0	0	0	0	0	0	0	0	0	0	0	0	0	0	0	1	0	0	0	0	0	0
/input/intro-notes/StructureDefinition-mii-pr-mikrobio-aviditaet-intro.md	781	-	-	-	0	0	0	0	0	0	0	0	0	0	0	0	0	0	0	0	0	0	0	0	0	0	0	0	0
/input/intro-notes/StructureDefinition-mii-pr-mikrobio-spezifische-bestimmung-intro.md	2079	-	-	-	0	0	0	0	0	0	0	0	0	0	0	0	0	0	0	0	0	0	0	0	0	0	0	0	0
/input/intro-notes/StructureDefinition-mii-pr-mikrobio-molekulare-pathogenlast-intro.md	827	-	-	-	0	0	0	0	0	0	0	0	0	0	0	0	0	0	0	0	0	0	1	0	0	0	0	0	0
/input/intro-notes/StructureDefinition-mii-pr-mikrobio-virulenzfaktor-intro.md	743	-	-	-	0	0	0	0	0	0	0	0	0	0	0	0	0	0	0	0	0	0	0	0	0	0	0	0	0
/input/intro-notes/StructureDefinition-mii-pr-mikrobio-mrgn-klasse-intro.md	1717	-	-	-	0	0	0	0	0	0	0	0	0	0	0	0	0	0	0	0	0	0	0	0	0	0	0	0	0
/input/intro-notes/StructureDefinition-mii-pr-mikrobio-resistenzkategorie-status-intro.md	4230	-	-	-	0	0	0	0	0	0	0	0	0	0	0	0	0	0	0	0	0	0	1	0	0	0	0	0	0
/input/intro-notes/StructureDefinition-mii-pr-mikrobio-resistenzmechanismen-determinanten-intro.md	867	-	-	-	0	0	0	0	0	0	0	0	0	0	0	0	0	0	0	0	0	0	0	0	0	0	0	0	0
/input/intro-notes/StructureDefinition-mii-pr-mikrobio-nugent-score-intro.md	756	-	-	-	0	0	0	0	0	0	0	0	0	0	0	0	0	0	0	0	0	0	0	0	0	0	0	0	0
/input/intro-notes/StructureDefinition-mii-pr-mikrobio-barlett-score-intro.md	811	-	-	-	0	0	0	0	0	0	0	0	0	0	0	0	0	0	0	0	0	0	1	0	0	0	0	0	0
/input/intro-notes/StructureDefinition-mii-pr-mikrobio-keimzahl-intro.md	740	-	-	-	0	0	0	0	0	0	0	0	0	0	0	0	0	0	0	0	0	0	0	0	0	0	0	0	0
/input/intro-notes/StructureDefinition-mii-pr-mikrobio-empfindlichkeit-intro.md	1199	-	-	-	0	0	0	0	0	0	0	0	0	0	0	0	0	0	0	0	0	0	0	0	0	0	0	0	0
/input/intro-notes/StructureDefinition-mii-pr-mikrobio-voraussichtliche-empfindlichkeit-intro.md	833	-	-	-	0	0	0	0	0	0	0	0	0	0	0	0	0	0	0	0	0	0	1	0	0	0	0	0	0
/input/intro-notes/StructureDefinition-mii-pr-mikrobio-antigen-antikoerper-quantitativ-intro.md	858	-	-	-	0	0	0	0	0	0	0	0	0	0	0	0	0	0	0	0	0	0	0	0	0	0	0	0	0
/input/intro-notes/StructureDefinition-mii-pr-mikrobio-titer-intro.md	1518	-	-	-	0	0	0	0	0	0	0	0	0	0	0	0	0	0	0	0	0	0	1	0	0	0	0	0	0
/input/intro-notes/StructureDefinition-mii-pr-mikrobio-mikroskopie-intro.md	812	-	-	-	0	0	0	0	0	0	0	0	0	0	0	0	0	0	0	0	0	0	0	0	0	0	0	0	0
/input/intro-notes/StructureDefinition-mii-pr-mikrobio-spezifische-kultur-intro.md	1576	-	-	-	0	0	0	0	0	0	0	0	0	0	0	0	0	0	0	0	0	0	0	0	0	0	0	0	0
/input/pagecontent/logical-models.md	3124	-	-	-	0	0	0	0	0	0	0	0	0	0	0	0	0	0	0	0	0	0	0	0	0	0	0	0	0
/input/pagecontent/examples.md	580	-	-	-	0	0	0	0	0	0	0	0	0	0	0	0	0	0	0	0	0	0	1	0	0	0	0	0	0
/input/pagecontent/probe.md	1430	-	-	-	0	0	0	0	0	0	0	0	0	0	0	0	0	0	0	0	0	0	0	0	0	0	0	0	0
/input/pagecontent/changes.md	58977	-	-	-	0	0	0	0	0	0	0	0	0	0	0	0	0	0	0	0	0	0	4	0	0	0	0	0	0
/input/pagecontent/guidance.md	2716	-	-	-	0	0	0	0	0	0	0	0	0	0	0	0	0	0	0	0	0	0	0	0	0	0	0	0	0
/input/pagecontent/code-systems.md	2469	-	-	-	0	0	0	0	0	0	0	0	0	0	0	0	0	0	0	0	0	0	1	0	0	0	0	0	0
/input/pagecontent/profiles.md	2081	-	-	-	0	0	0	0	0	0	0	0	0	0	0	0	0	0	0	0	0	0	0	0	0	0	0	0	0
/input/pagecontent/search-parameters.md	627	-	-	-	0	0	0	0	0	0	0	0	0	0	0	0	0	0	0	0	0	0	0	0	0	0	0	0	0
/input/pagecontent/index.md	7449	-	-	-	0	0	0	0	0	0	0	0	0	0	0	0	0	0	0	0	0	0	0	0	0	0	0	0	0
/input/pagecontent/value-sets.md	1289	-	-	-	0	0	0	0	0	0	0	0	0	0	0	0	0	0	0	0	0	0	1	0	0	0	0	0	0
/input/pagecontent/profilauswahl-und-abgrenzung.md	7297	-	-	-	0	0	0	0	0	0	0	0	0	0	0	0	0	0	0	0	0	0	0	0	0	0	0	0	0
/input/pagecontent/translationinfo.md	990	-	-	-	0	0	0	0	0	0	0	0	0	0	0	0	0	0	0	0	0	0	0	0	0	0	0	0	0
/input/pagecontent/extensions.md	674	-	-	-	0	0	0	0	0	0	0	0	0	0	0	0	0	0	0	0	0	0	0	0	0	0	0	0	0
/input/pagecontent/fhir-profile.md	2054	-	-	-	0	0	0	0	0	0	0	0	0	0	0	0	0	0	0	0	0	0	1	0	0	0	0	0	0
/input/pagecontent/ImplementationGuide-kerndatensatzmodul-mikrobiologie.md	3534	-	-	-	0	0	0	0	0	0	0	0	0	0	0	0	0	0	0	0	0	0	0	0	0	0	0	0	0
/input/pagecontent/downloads.md	3289	-	-	-	0	0	0	0	0	0	0	0	0	0	0	0	0	0	0	0	0	0	1	0	0	0	0	0	0
/input/pagecontent/security-and-privacy.md	4331	-	-	-	0	0	0	0	0	0	0	0	0	0	0	0	0	0	0	0	0	0	0	0	0	0	0	0	0
/input/pagecontent/technische-implementierung.md	757	-	-	-	0	0	0	0	0	0	0	0	0	0	0	0	0	0	0	0	0	0	1	0	0	0	0	0	0
/input/pagecontent/metadata.md	20979	-	-	-	0	0	0	0	0	0	0	0	0	0	0	0	0	0	0	0	0	0	1	0	0	0	0	0	0
/input/pagecontent/implementer-guidance.md	2465	-	-	-	0	0	0	0	0	0	0	0	0	0	0	0	0	0	0	0	0	0	0	0	0	0	0	0	0
/input/pagecontent/version-history.md	4516	-	-	-	0	0	0	0	0	0	0	0	0	0	0	0	0	0	0	0	0	0	0	0	0	0	0	0	0
/input/pagecontent/uml-diagrams.md	2113	-	-	-	0	0	0	0	0	0	0	0	0	0	0	0	0	0	0	0	0	0	1	0	0	0	0	0	0
/input/pagecontent/anwendungsfaelle-informationsmodell.md	1291	-	-	-	0	0	0	0	0	0	0	0	0	0	0	0	0	0	0	0	0	0	0	0	0	0	0	0	0
/input/pagecontent/capability-statements.md	1786	-	-	-	0	0	0	0	0	0	0	0	0	0	0	0	0	0	0	0	0	0	0	0	0	0	0	0	0
/input/intro-notes	0	-	-	-	0	0	0	0	0	0	0	0	0	0	0	0	0	0	0	0	0	0	0	0	0	0	0	0	0
/input/intro-notes/StructureDefinition-mii-pr-mikrobio-allgemeine-kultur-intro.md	828	-	-	-	0	0	0	0	0	0	0	0	0	0	0	0	0	0	0	0	0	0	0	0	0	0	0	0	0
/input/intro-notes/StructureDefinition-mii-pr-mikrobio-diagnostic-report-intro.md	2113	-	-	-	0	0	0	0	0	0	0	0	0	0	0	0	0	0	0	0	0	0	1	0	0	0	0	0	0
/input/intro-notes/StructureDefinition-mii-pr-mikrobio-ct-wert-intro.md	727	-	-	-	0	0	0	0	0	0	0	0	0	0	0	0	0	0	0	0	0	0	0	0	0	0	0	0	0
/input/intro-notes/StructureDefinition-mii-pr-mikrobio-allgemeine-bestimmung-intro.md	1722	-	-	-	0	0	0	0	0	0	0	0	0	0	0	0	0	0	0	0	0	0	0	0	0	0	0	0	0
/input/intro-notes/StructureDefinition-mii-pr-mikrobio-aviditaet-intro.md	781	-	-	-	0	0	0	0	0	0	0	0	0	0	0	0	0	0	0	0	0	0	1	0	0	0	0	0	0
/input/intro-notes/StructureDefinition-mii-pr-mikrobio-spezifische-bestimmung-intro.md	2079	-	-	-	0	0	0	0	0	0	0	0	0	0	0	0	0	0	0	0	0	0	0	0	0	0	0	0	0
/input/intro-notes/StructureDefinition-mii-pr-mikrobio-molekulare-pathogenlast-intro.md	827	-	-	-	0	0	0	0	0	0	0	0	0	0	0	0	0	0	0	0	0	0	0	0	0	0	0	0	0
/input/intro-notes/StructureDefinition-mii-pr-mikrobio-virulenzfaktor-intro.md	743	-	-	-	0	0	0	0	0	0	0	0	0	0	0	0	0	0	0	0	0	0	0	0	0	0	0	0	0
/input/intro-notes/StructureDefinition-mii-pr-mikrobio-mrgn-klasse-intro.md	1717	-	-	-	0	0	0	0	0	0	0	0	0	0	0	0	0	0	0	0	0	0	0	0	0	0	0	0	0
/input/intro-notes/StructureDefinition-mii-pr-mikrobio-resistenzkategorie-status-intro.md	4230	-	-	-	0	0	0	0	0	0	0	0	0	0	0	0	0	0	0	0	0	0	1	0	0	0	0	0	0
/input/intro-notes/StructureDefinition-mii-pr-mikrobio-resistenzmechanismen-determinanten-intro.md	867	-	-	-	0	0	0	0	0	0	0	0	0	0	0	0	0	0	0	0	0	0	0	0	0	0	0	0	0
/input/intro-notes/StructureDefinition-mii-pr-mikrobio-nugent-score-intro.md	756	-	-	-	0	0	0	0	0	0	0	0	0	0	0	0	0	0	0	0	0	0	0	0	0	0	0	0	0
/input/intro-notes/StructureDefinition-mii-pr-mikrobio-barlett-score-intro.md	811	-	-	-	0	0	0	0	0	0	0	0	0	0	0	0	0	0	0	0	0	0	0	0	0	0	0	0	0
/input/intro-notes/StructureDefinition-mii-pr-mikrobio-keimzahl-intro.md	740	-	-	-	0	0	0	0	0	0	0	0	0	0	0	0	0	0	0	0	0	0	1	0	0	0	0	0	0
/input/intro-notes/StructureDefinition-mii-pr-mikrobio-empfindlichkeit-intro.md	1199	-	-	-	0	0	0	0	0	0	0	0	0	0	0	0	0	0	0	0	0	0	0	0	0	0	0	0	0
/input/intro-notes/StructureDefinition-mii-pr-mikrobio-voraussichtliche-empfindlichkeit-intro.md	833	-	-	-	0	0	0	0	0	0	0	0	0	0	0	0	0	0	0	0	0	0	0	0	0	0	0	0	0
/input/intro-notes/StructureDefinition-mii-pr-mikrobio-antigen-antikoerper-quantitativ-intro.md	858	-	-	-	0	0	0	0	0	0	0	0	0	0	0	0	0	0	0	0	0	0	0	0	0	0	0	0	0
/input/intro-notes/StructureDefinition-mii-pr-mikrobio-titer-intro.md	1518	-	-	-	0	0	0	0	0	0	0	0	0	0	0	0	0	0	0	0	0	0	0	0	0	0	0	0	0
/input/intro-notes/StructureDefinition-mii-pr-mikrobio-mikroskopie-intro.md	812	-	-	-	0	0	0	0	0	0	0	0	0	0	0	0	0	0	0	0	0	0	1	0	0	0	0	0	0
/input/intro-notes/StructureDefinition-mii-pr-mikrobio-spezifische-kultur-intro.md	1576	-	-	-	0	0	0	0	0	0	0	0	0	0	0	0	0	0	0	0	0	0	0	0	0	0	0	0	0
/template/config	0	-	-	-	0	0	0	0	0	0	0	0	0	0	0	0	0	0	0	0	0	0	0	0	0	0	0	0	0
/template/config/_config.yml	140	-	-	-	0	0	0	0	0	0	0	0	0	0	0	0	0	0	0	0	0	0	0	0	0	0	0	0	0
/input/images	0	-	-	-	0	0	0	0	0	0	0	0	0	0	0	0	0	0	0	0	0	0	0	0	0	0	0	0	0
/input/images/mii-mikrobio-untersuchungsarten.png	214965	-	-	-	0	0	0	0	0	0	0	0	0	0	0	0	0	0	0	0	0	0	1	0	0	0	0	0	0
/input/images/mii-mikrobio-informationsmodell.png	116852	-	-	-	0	0	0	0	0	0	0	0	0	0	0	0	0	0	0	0	0	0	0	0	0	0	0	0	0
/temp/pages/_includes/artifacts.xml	69039	-	-	-	-	-	-	-	-	-	-	-	-	-	-	-	-	-	-	-	-	-	2	0	0	0	0	0	0
